NUMT	Bonobo	Chimpanzee	Human	Gorilla	Sorang	Borang
mGorGor1_numt1	1	1	1	1	1	1
mGorGor1_numt2	1	1	1	1	1	1
mGorGor1_numt3	1	1	1	1	1	1
mGorGor1_numt4	1	1	1	1	1	1
mGorGor1_numt5	0	0	0	1	0	0
mGorGor1_numt6	1	1	0	1	0	0
mGorGor1_numt7	1	1	0	1	0	0
mGorGor1_numt8	0	0	0	1	0	0
mGorGor1_numt9	1	1	0	1	0	0
mGorGor1_numt10	1	1	0	1	0	0
mGorGor1_numt11	1	1	0	1	0	0
mGorGor1_numt12	1	0	0	1	0	0
mGorGor1_numt13	1	0	0	1	0	0
mGorGor1_numt14	1	1	0	1	0	0
mGorGor1_numt15	1	1	0	1	0	0
mGorGor1_numt16	1	1	0	1	0	0
mGorGor1_numt17	1	1	1	1	1	1
mGorGor1_numt18	1	1	1	1	1	1
mGorGor1_numt19	1	1	0	1	0	0
mGorGor1_numt20	1	1	1	1	1	1
mGorGor1_numt21	1	1	1	1	0	0
mGorGor1_numt22	1	1	1	1	0	0
mGorGor1_numt23	1	1	1	1	0	0
mGorGor1_numt24	1	1	1	1	0	0
mGorGor1_numt25	1	1	1	1	0	0
mGorGor1_numt26	1	1	1	1	0	0
mGorGor1_numt27	1	1	1	1	0	0
mGorGor1_numt28	1	1	1	1	0	0
mGorGor1_numt29	1	1	1	1	0	0
mGorGor1_numt30	0	1	1	1	0	0
mGorGor1_numt31	0	1	1	1	0	0
mGorGor1_numt32	0	1	1	1	0	0
mGorGor1_numt33	0	1	1	1	0	0
mGorGor1_numt34	1	1	0	1	1	1
mGorGor1_numt36	1	1	0	1	0	0
mGorGor1_numt37	1	1	0	1	0	0
mGorGor1_numt39	1	1	1	1	0	0
mGorGor1_numt40	1	1	1	1	0	0
mGorGor1_numt41	1	1	1	1	0	0
mGorGor1_numt42	0	1	1	1	1	1
mGorGor1_numt43	0	1	1	1	1	1
mGorGor1_numt44	0	1	1	1	1	1
mGorGor1_numt45	0	1	1	1	0	0
mGorGor1_numt46	0	1	1	1	0	1
mGorGor1_numt47	0	0	0	1	0	0
mGorGor1_numt48	0	1	1	1	0	0
mGorGor1_numt49	0	1	1	1	1	1
mGorGor1_numt50	0	1	1	1	1	1
mGorGor1_numt51	0	1	1	1	1	1
mGorGor1_numt53	0	1	1	1	1	1
mGorGor1_numt54	1	1	1	1	0	0
mGorGor1_numt55	1	1	1	1	1	1
mGorGor1_numt56	0	1	0	1	0	0
mGorGor1_numt57	1	1	1	1	1	1
mGorGor1_numt58	1	1	1	1	1	1
mGorGor1_numt59	0	0	0	1	0	0
mGorGor1_numt60	1	1	1	1	1	1
mGorGor1_numt61	1	0	1	1	1	1
mGorGor1_numt62	1	1	1	1	1	1
mGorGor1_numt63	1	1	1	1	1	1
mGorGor1_numt64	1	1	1	1	1	1
mGorGor1_numt65	1	1	1	1	1	1
mGorGor1_numt67	1	1	1	1	0	0
mGorGor1_numt68	1	1	1	1	1	1
mGorGor1_numt69	1	1	1	1	1	1
mGorGor1_numt70	1	1	1	1	1	1
mGorGor1_numt71	1	1	1	1	1	1
mGorGor1_numt72	1	1	1	1	1	1
mGorGor1_numt73	1	1	1	1	1	1
mGorGor1_numt74	1	1	1	1	1	1
mGorGor1_numt75	1	1	1	1	1	1
mGorGor1_numt76	1	1	1	1	1	1
mGorGor1_numt77	1	1	1	1	1	1
mGorGor1_numt78	1	1	1	1	0	0
mGorGor1_numt79	1	1	1	1	1	1
mGorGor1_numt80	1	1	0	1	1	1
mGorGor1_numt81	0	1	0	1	1	0
mGorGor1_numt82	1	1	1	1	0	0
mGorGor1_numt83	1	0	1	1	0	0
mGorGor1_numt84	1	1	1	1	0	0
mGorGor1_numt85	1	1	0	1	0	0
mGorGor1_numt86	1	1	0	1	0	0
mGorGor1_numt87	1	1	0	1	0	0
mGorGor1_numt88	1	1	1	1	0	0
mGorGor1_numt89	0	0	1	1	0	0
mGorGor1_numt90	0	0	1	1	1	1
mGorGor1_numt91	0	0	1	1	1	1
mGorGor1_numt92	1	1	1	1	0	0
mGorGor1_numt93	0	0	0	1	0	0
mGorGor1_numt94	1	1	0	1	1	0
mGorGor1_numt95	1	1	0	1	1	1
mGorGor1_numt96	1	1	0	1	1	1
mGorGor1_numt97	1	1	0	1	1	1
mGorGor1_numt98	1	1	0	1	1	1
mGorGor1_numt99	1	1	0	1	1	1
mGorGor1_numt100	1	1	0	1	1	1
mGorGor1_numt101	1	1	0	1	1	1
mGorGor1_numt102	1	1	0	1	0	1
mGorGor1_numt103	1	1	0	1	0	0
mGorGor1_numt104	0	0	0	1	0	0
mGorGor1_numt105	0	0	0	1	0	0
mGorGor1_numt106	0	0	0	1	0	0
mGorGor1_numt107	0	0	0	1	0	0
mGorGor1_numt108	0	0	0	1	0	0
mGorGor1_numt109	0	0	0	1	0	0
mGorGor1_numt110	1	1	0	1	1	1
mGorGor1_numt111	1	1	0	1	1	1
mGorGor1_numt112	1	1	0	1	1	1
mGorGor1_numt113	1	1	0	1	1	1
mGorGor1_numt114	1	1	0	1	1	1
mGorGor1_numt115	1	1	1	1	0	0
mGorGor1_numt116	1	1	0	1	0	0
mGorGor1_numt117	1	1	0	1	1	1
mGorGor1_numt118	1	1	0	1	1	1
mGorGor1_numt119	1	1	0	1	1	1
mGorGor1_numt120	1	1	0	1	1	1
mGorGor1_numt121	1	1	0	1	0	0
mGorGor1_numt122	0	0	0	1	0	0
mGorGor1_numt123	0	0	0	1	0	0
mGorGor1_numt124	1	1	0	1	1	1
mGorGor1_numt125	1	1	0	1	0	0
mGorGor1_numt126	0	0	0	1	0	0
mGorGor1_numt128	1	1	0	1	1	1
mGorGor1_numt129	1	1	0	1	1	1
mGorGor1_numt130	1	1	0	1	1	1
mGorGor1_numt131	1	1	0	1	1	1
mGorGor1_numt132	1	1	1	1	1	1
mGorGor1_numt133	1	1	1	1	1	1
mGorGor1_numt134	1	1	1	1	1	1
mGorGor1_numt135	1	1	1	1	1	1
mGorGor1_numt136	1	1	1	1	1	1
mGorGor1_numt137	1	1	1	1	1	1
mGorGor1_numt138	1	1	1	1	0	0
mGorGor1_numt139	0	0	1	1	0	0
mGorGor1_numt140	1	1	1	1	0	0
mGorGor1_numt141	1	1	1	1	0	0
mGorGor1_numt142	0	0	1	1	0	0
mGorGor1_numt143	0	0	1	1	1	1
mGorGor1_numt144	0	0	1	1	1	1
mGorGor1_numt145	0	0	1	1	1	1
mGorGor1_numt146	0	0	1	1	1	1
mGorGor1_numt147	0	0	1	1	1	1
mGorGor1_numt148	0	0	1	1	0	0
mGorGor1_numt149	0	0	1	1	1	1
mGorGor1_numt150	0	0	1	1	0	1
mGorGor1_numt151	1	1	1	1	0	0
mGorGor1_numt152	1	1	1	1	0	0
mGorGor1_numt153	1	1	1	1	0	0
mGorGor1_numt154	0	0	0	1	0	0
mGorGor1_numt155	1	1	1	1	0	0
mGorGor1_numt156	1	1	1	1	1	1
mGorGor1_numt157	1	1	1	1	1	1
mGorGor1_numt158	1	1	1	1	1	1
mGorGor1_numt159	1	1	1	1	1	1
mGorGor1_numt160	1	1	1	1	1	1
mGorGor1_numt161	1	1	1	1	1	1
mGorGor1_numt162	1	1	1	1	1	1
mGorGor1_numt163	1	1	1	1	1	1
mGorGor1_numt164	1	1	1	1	1	1
mGorGor1_numt165	1	1	1	1	1	1
mGorGor1_numt166	1	1	1	1	0	0
mGorGor1_numt167	1	1	1	1	1	1
mGorGor1_numt168	0	0	0	1	0	0
mGorGor1_numt169	1	1	1	1	1	1
mGorGor1_numt170	1	1	1	1	0	0
mGorGor1_numt171	1	1	1	1	1	1
mGorGor1_numt172	1	1	0	1	1	1
mGorGor1_numt173	1	1	1	1	1	1
mGorGor1_numt174	1	1	1	1	1	1
mGorGor1_numt175	1	1	1	1	1	1
mGorGor1_numt176	1	1	1	1	0	0
mGorGor1_numt177	0	1	0	1	0	0
mGorGor1_numt178	0	0	0	1	0	0
mGorGor1_numt179	1	1	1	1	1	1
mGorGor1_numt180	0	0	0	1	0	0
mGorGor1_numt181	1	1	1	1	1	1
mGorGor1_numt182	0	0	0	1	0	0
mGorGor1_numt183	1	0	1	1	1	1
mGorGor1_numt184	1	1	1	1	0	0
mGorGor1_numt185	1	1	1	1	0	0
mGorGor1_numt186	1	1	1	1	0	0
mGorGor1_numt187	1	1	1	1	0	0
mGorGor1_numt188	1	1	1	1	1	1
mGorGor1_numt189	1	1	1	1	1	1
mGorGor1_numt190	0	0	1	1	1	1
mGorGor1_numt191	0	0	0	1	0	0
mGorGor1_numt192	1	1	1	1	1	1
mGorGor1_numt193	1	1	1	1	0	0
mGorGor1_numt194	1	1	1	1	1	1
mGorGor1_numt195	1	1	1	1	1	1
mGorGor1_numt196	1	1	1	1	0	0
mGorGor1_numt197	1	1	0	1	0	0
mGorGor1_numt198	0	0	0	1	0	0
mGorGor1_numt199	1	1	1	1	1	1
mGorGor1_numt200	1	1	1	1	0	0
mGorGor1_numt201	1	1	1	1	1	1
mGorGor1_numt202	1	1	1	1	0	0
mGorGor1_numt203	1	1	1	1	1	1
mGorGor1_numt204	1	1	1	1	1	1
mGorGor1_numt205	1	1	1	1	1	1
mGorGor1_numt206	1	1	1	1	0	0
mGorGor1_numt207	1	1	1	1	1	1
mGorGor1_numt208	1	1	1	1	1	1
mGorGor1_numt209	0	0	0	1	0	0
mGorGor1_numt210	1	1	1	1	0	0
mGorGor1_numt212	0	1	1	1	1	1
mGorGor1_numt213	0	0	1	1	0	0
mGorGor1_numt214	0	0	0	1	0	0
mGorGor1_numt215	0	0	0	1	0	0
mGorGor1_numt216	0	0	0	1	0	0
mGorGor1_numt217	1	1	1	1	0	0
mGorGor1_numt218	1	1	1	1	1	1
mGorGor1_numt219	1	1	1	1	0	0
mGorGor1_numt220	0	0	0	1	0	0
mGorGor1_numt221	1	0	1	1	1	1
mGorGor1_numt222	0	0	1	1	0	0
mGorGor1_numt223	1	1	1	1	0	0
mGorGor1_numt224	1	1	1	1	0	0
mGorGor1_numt225	0	0	0	1	0	0
mGorGor1_numt226	1	1	1	1	1	1
mGorGor1_numt227	0	0	0	1	0	0
mGorGor1_numt228	1	1	0	1	0	0
mGorGor1_numt229	1	1	0	1	0	0
mGorGor1_numt230	0	0	0	1	0	0
mGorGor1_numt231	0	0	0	1	0	0
mGorGor1_numt232	0	0	0	1	0	0
mGorGor1_numt233	0	0	0	1	0	0
mGorGor1_numt234	0	0	0	1	0	0
mGorGor1_numt235	0	0	0	1	0	0
mGorGor1_numt236	0	0	0	1	0	0
mGorGor1_numt237	1	1	0	1	1	1
mGorGor1_numt238	1	1	0	1	1	1
mGorGor1_numt239	0	0	0	1	0	0
mGorGor1_numt240	0	0	1	1	0	0
mGorGor1_numt241	0	0	1	1	0	0
mGorGor1_numt242	0	0	1	1	0	0
mGorGor1_numt243	0	0	1	1	0	0
mGorGor1_numt244	0	0	1	1	0	0
mGorGor1_numt245	0	0	1	1	0	0
mGorGor1_numt246	0	0	0	1	0	0
mGorGor1_numt247	0	0	0	1	0	0
mGorGor1_numt248	0	0	1	1	0	0
mGorGor1_numt249	1	1	0	1	1	1
mGorGor1_numt250	1	1	0	1	1	1
mGorGor1_numt251	1	1	0	1	1	1
mGorGor1_numt252	1	1	0	1	1	1
mGorGor1_numt253	1	0	0	1	0	0
mGorGor1_numt254	1	1	1	1	0	0
mGorGor1_numt255	0	0	0	1	0	0
mGorGor1_numt256	1	1	1	1	0	0
mGorGor1_numt257	0	0	0	1	0	0
mGorGor1_numt258	0	0	0	1	0	0
mGorGor1_numt259	0	0	0	1	0	0
mGorGor1_numt260	0	0	0	1	0	0
mGorGor1_numt261	1	1	0	1	1	1
mGorGor1_numt262	1	1	0	1	1	1
mGorGor1_numt263	1	1	0	1	1	1
mGorGor1_numt264	1	1	0	1	1	1
mGorGor1_numt265	1	1	0	1	1	1
mGorGor1_numt266	1	1	0	1	1	1
mGorGor1_numt267	1	1	0	1	1	1
mGorGor1_numt268	1	1	0	1	1	1
mGorGor1_numt269	1	1	0	1	1	1
mGorGor1_numt270	0	0	0	1	0	0
mGorGor1_numt271	1	1	0	1	1	1
mGorGor1_numt272	1	1	0	1	1	1
mGorGor1_numt273	1	1	0	1	1	1
mGorGor1_numt274	1	1	0	1	1	1
mGorGor1_numt275	1	1	0	1	1	1
mGorGor1_numt276	1	1	1	1	1	1
mGorGor1_numt277	0	0	0	1	0	0
mGorGor1_numt278	1	1	0	1	1	1
mGorGor1_numt279	1	1	0	1	1	1
mGorGor1_numt280	1	1	0	1	0	0
mGorGor1_numt281	1	1	0	1	1	1
mGorGor1_numt282	0	0	0	1	0	0
mGorGor1_numt283	1	1	0	1	1	1
mGorGor1_numt284	1	1	0	1	0	0
mGorGor1_numt285	1	1	1	1	1	1
mGorGor1_numt286	1	1	1	1	1	1
mGorGor1_numt287	1	1	1	1	1	1
mGorGor1_numt288	0	0	0	1	0	1
mGorGor1_numt289	1	1	1	1	0	1
mGorGor1_numt290	1	1	1	1	1	1
mGorGor1_numt291	1	1	1	1	0	0
mGorGor1_numt293	1	1	1	1	1	1
mGorGor1_numt294	1	1	1	1	1	1
mGorGor1_numt295	1	1	1	1	1	1
mGorGor1_numt296	1	1	1	1	0	1
mGorGor1_numt297	1	1	1	1	1	1
mGorGor1_numt298	1	1	1	1	1	1
mGorGor1_numt299	1	1	1	1	0	0
mGorGor1_numt300	1	1	1	1	1	1
mGorGor1_numt301	1	1	1	1	1	1
mGorGor1_numt302	1	1	1	1	1	1
mGorGor1_numt304	1	1	1	1	0	0
mGorGor1_numt305	1	1	1	1	0	0
mGorGor1_numt306	1	1	1	1	1	1
mGorGor1_numt307	1	1	0	1	0	0
mGorGor1_numt308	1	1	1	1	1	1
mGorGor1_numt309	1	1	1	1	1	1
mGorGor1_numt310	1	1	1	1	1	1
mGorGor1_numt311	1	1	1	1	1	1
mGorGor1_numt312	1	1	1	1	1	1
mGorGor1_numt313	1	1	1	1	1	1
mGorGor1_numt314	1	1	1	1	1	1
mGorGor1_numt315	1	1	1	1	1	1
mGorGor1_numt316	1	1	1	1	1	1
mGorGor1_numt317	1	1	0	1	0	0
mGorGor1_numt318	0	0	0	1	0	0
mGorGor1_numt319	1	1	1	1	0	0
mGorGor1_numt320	0	0	0	1	0	0
mGorGor1_numt321	1	1	1	1	0	0
mGorGor1_numt322	1	1	1	1	0	0
mGorGor1_numt323	1	1	1	1	1	1
mGorGor1_numt324	1	0	1	1	0	0
mGorGor1_numt325	1	1	1	1	0	0
mGorGor1_numt326	1	1	1	1	1	1
mGorGor1_numt327	1	1	1	1	1	1
mGorGor1_numt328	0	0	1	1	0	0
mGorGor1_numt329	0	0	1	1	1	1
mGorGor1_numt330	0	0	1	1	1	1
mGorGor1_numt331	0	0	1	1	1	1
mGorGor1_numt332	0	0	1	1	1	1
mGorGor1_numt333	1	1	1	1	1	1
mGorGor1_numt334	0	0	0	1	0	0
mGorGor1_numt335	1	1	1	1	0	0
mGorGor1_numt336	1	1	1	1	0	0
mGorGor1_numt337	1	1	1	1	0	0
mGorGor1_numt338	0	0	0	1	0	0
mGorGor1_numt339	1	1	0	1	0	0
mGorGor1_numt340	1	1	1	1	0	0
mGorGor1_numt341	1	1	1	1	0	0
mGorGor1_numt342	1	1	1	1	0	0
mGorGor1_numt344	1	1	1	1	0	0
mGorGor1_numt345	1	1	1	1	1	0
mGorGor1_numt346	1	1	1	1	0	0
mGorGor1_numt347	1	1	1	1	0	0
mGorGor1_numt348	0	0	0	1	0	1
mGorGor1_numt349	1	1	1	1	0	1
mGorGor1_numt350	1	1	1	1	0	0
mGorGor1_numt351	1	1	1	1	0	1
mGorGor1_numt352	1	1	1	1	0	1
mGorGor1_numt353	1	1	1	1	0	0
mGorGor1_numt354	1	1	1	1	0	0
mGorGor1_numt355	1	1	1	1	0	1
mGorGor1_numt356	1	1	1	1	0	0
mGorGor1_numt357	1	1	1	1	0	1
mGorGor1_numt358	1	1	1	1	0	1
mGorGor1_numt359	1	1	1	1	0	1
mGorGor1_numt360	1	1	1	1	1	1
mGorGor1_numt361	1	1	1	1	1	1
mGorGor1_numt362	1	1	1	1	1	1
mGorGor1_numt363	1	1	1	1	1	1
mGorGor1_numt364	1	1	1	1	1	1
mGorGor1_numt365	1	1	1	1	1	1
mGorGor1_numt366	1	1	1	1	1	1
mGorGor1_numt367	1	0	1	1	1	1
mGorGor1_numt368	1	1	1	1	1	1
mGorGor1_numt369	0	0	0	1	1	1
mGorGor1_numt370	1	1	1	1	1	1
mGorGor1_numt371	1	1	1	1	0	0
mGorGor1_numt372	1	1	1	1	0	0
mGorGor1_numt373	1	1	1	1	1	1
mGorGor1_numt374	1	1	1	1	1	1
mGorGor1_numt375	1	1	1	1	0	0
mGorGor1_numt376	0	0	0	1	1	1
mGorGor1_numt377	1	1	1	1	1	1
mGorGor1_numt378	1	1	1	1	0	0
mGorGor1_numt379	1	1	1	1	0	0
mGorGor1_numt380	1	1	1	1	1	1
mGorGor1_numt381	1	1	1	1	0	0
mGorGor1_numt382	1	1	1	1	0	0
mGorGor1_numt383	0	0	0	1	0	0
mGorGor1_numt384	0	0	0	1	0	0
mGorGor1_numt385	1	1	0	1	0	0
mGorGor1_numt386	1	1	0	1	1	1
mGorGor1_numt387	1	1	0	1	1	1
mGorGor1_numt388	1	1	0	1	1	1
mGorGor1_numt389	1	1	0	1	1	1
mGorGor1_numt390	1	1	0	1	1	1
mGorGor1_numt391	1	1	0	1	0	1
mGorGor1_numt392	1	1	0	1	0	0
mGorGor1_numt393	0	0	1	1	1	1
mGorGor1_numt394	0	0	1	1	1	1
mGorGor1_numt395	1	1	1	1	1	1
mGorGor1_numt396	1	1	1	1	1	1
mGorGor1_numt397	1	1	1	1	1	1
mGorGor1_numt398	1	1	1	1	1	1
mGorGor1_numt399	1	1	1	1	1	1
mGorGor1_numt400	1	1	1	1	1	1
mGorGor1_numt401	1	1	1	1	1	1
mGorGor1_numt402	1	1	1	1	0	0
mGorGor1_numt403	0	0	1	1	1	1
mGorGor1_numt404	1	1	1	1	1	1
mGorGor1_numt405	1	1	0	1	0	0
mGorGor1_numt406	1	1	1	1	1	1
mGorGor1_numt407	1	1	1	1	1	1
mGorGor1_numt408	1	1	1	1	1	1
mGorGor1_numt409	0	0	0	1	0	0
mGorGor1_numt410	0	0	0	1	0	0
mGorGor1_numt411	0	0	0	1	0	0
mGorGor1_numt412	0	0	0	1	1	1
mGorGor1_numt413	0	0	0	1	0	0
mGorGor1_numt414	1	1	0	1	0	0
mGorGor1_numt415	1	1	0	1	0	0
mGorGor1_numt416	1	1	0	1	1	1
mGorGor1_numt417	1	1	0	1	0	0
mGorGor1_numt418	1	1	0	1	0	0
mGorGor1_numt419	1	1	0	1	0	1
mGorGor1_numt420	1	1	1	1	1	0
mGorGor1_numt421	0	0	1	1	0	0
mGorGor1_numt422	0	0	1	1	0	0
mGorGor1_numt423	0	0	1	1	1	0
mGorGor1_numt424	0	0	1	1	1	1
mGorGor1_numt425	0	0	0	1	0	0
mGorGor1_numt426	0	0	0	1	0	0
mGorGor1_numt427	0	0	0	1	0	0
mGorGor1_numt428	0	0	0	1	0	0
mGorGor1_numt429	0	0	0	1	0	0
mGorGor1_numt430	0	0	0	1	0	0
mGorGor1_numt431	0	0	0	1	0	0
mGorGor1_numt432	0	0	0	1	0	0
mGorGor1_numt433	0	0	0	1	0	0
mGorGor1_numt434	0	0	1	1	1	1
mGorGor1_numt435	0	0	1	1	0	0
mGorGor1_numt436	1	1	1	1	1	1
mGorGor1_numt437	1	1	1	1	1	1
mGorGor1_numt438	1	1	1	1	1	1
mGorGor1_numt439	0	0	0	1	0	0
mGorGor1_numt441	0	0	0	1	0	0
mGorGor1_numt442	1	1	1	1	0	0
mGorGor1_numt443	1	1	1	1	1	1
mGorGor1_numt444	1	1	1	1	1	1
mGorGor1_numt446	1	1	1	1	1	1
mGorGor1_numt447	1	1	1	1	1	1
mGorGor1_numt448	1	1	1	1	1	1
mGorGor1_numt449	0	0	0	1	0	0
mGorGor1_numt450	1	1	1	1	1	1
mGorGor1_numt451	1	1	1	1	1	1
mGorGor1_numt452	0	0	0	1	0	0
mGorGor1_numt454	0	0	1	1	0	0
mGorGor1_numt455	1	1	1	1	0	0
mGorGor1_numt456	1	1	1	1	0	0
mGorGor1_numt457	1	1	0	1	0	0
mGorGor1_numt458	1	1	1	1	1	1
mGorGor1_numt459	1	1	1	1	1	1
mGorGor1_numt460	1	1	1	1	1	1
mGorGor1_numt461	1	1	1	1	1	1
mGorGor1_numt462	1	1	1	1	1	1
mGorGor1_numt463	1	1	1	1	0	0
mGorGor1_numt464	1	1	1	1	1	1
mGorGor1_numt465	0	0	0	1	0	0
mGorGor1_numt466	1	1	1	1	1	1
mGorGor1_numt467	1	1	1	1	1	1
mGorGor1_numt468	1	1	1	1	0	0
mGorGor1_numt471	1	1	1	1	1	1
mGorGor1_numt472	1	1	0	1	1	0
mGorGor1_numt473	1	1	1	1	1	1
mGorGor1_numt474	1	1	1	1	1	0
mGorGor1_numt475	1	1	0	1	0	0
mGorGor1_numt476	1	1	1	1	1	1
mGorGor1_numt477	1	1	1	1	0	0
mGorGor1_numt479	1	1	0	1	0	0
mGorGor1_numt480	1	1	1	1	0	1
mGorGor1_numt481	1	1	1	1	0	0
mGorGor1_numt482	1	1	1	1	1	1
mGorGor1_numt483	0	0	0	1	0	0
mGorGor1_numt484	1	1	1	1	0	0
mGorGor1_numt485	1	1	1	1	0	0
mGorGor1_numt486	1	1	1	1	0	0
mGorGor1_numt487	1	1	1	1	0	0
mGorGor1_numt488	1	1	1	1	0	0
mGorGor1_numt489	1	1	1	1	1	1
mGorGor1_numt490	1	1	1	1	1	1
mGorGor1_numt491	1	1	1	1	1	1
mGorGor1_numt492	1	1	1	1	1	1
mGorGor1_numt493	1	1	1	1	0	0
mGorGor1_numt494	1	1	1	1	0	0
mGorGor1_numt495	1	1	1	1	0	0
mGorGor1_numt496	1	1	1	1	0	0
mGorGor1_numt497	1	1	1	1	0	1
mGorGor1_numt498	0	0	1	1	0	1
mGorGor1_numt499	0	1	1	1	1	1
mGorGor1_numt500	0	1	1	1	0	0
mGorGor1_numt501	0	1	1	1	0	0
mGorGor1_numt503	0	1	1	1	1	1
mGorGor1_numt504	0	1	1	1	0	0
mGorGor1_numt505	0	1	1	1	0	0
mGorGor1_numt506	0	1	1	1	0	0
mGorGor1_numt507	0	1	1	1	0	0
mGorGor1_numt508	1	1	1	1	1	1
mGorGor1_numt509	1	1	1	1	1	1
mGorGor1_numt510	1	1	1	1	1	1
mGorGor1_numt511	1	1	1	1	1	1
mGorGor1_numt512	1	1	1	1	1	1
mGorGor1_numt513	1	1	1	1	1	1
mGorGor1_numt514	0	0	1	1	1	1
mGorGor1_numt515	0	0	0	1	0	0
mGorGor1_numt516	1	1	1	1	1	1
mGorGor1_numt517	1	1	1	1	1	1
mGorGor1_numt518	1	1	1	1	0	0
mGorGor1_numt519	1	1	1	1	0	0
mGorGor1_numt520	1	1	1	1	1	1
mGorGor1_numt521	1	1	1	1	1	1
mGorGor1_numt522	1	1	1	1	0	0
mGorGor1_numt523	1	1	1	1	1	1
mGorGor1_numt524	1	1	1	1	0	0
mGorGor1_numt525	1	1	1	1	1	1
mGorGor1_numt526	1	1	1	1	1	1
mGorGor1_numt527	0	0	0	1	0	0
mGorGor1_numt528	1	1	1	1	0	0
mGorGor1_numt529	1	1	0	1	0	0
mGorGor1_numt530	1	1	1	1	1	1
mGorGor1_numt531	1	1	1	1	1	1
mGorGor1_numt532	1	1	1	1	0	0
mGorGor1_numt533	1	1	1	1	1	1
mGorGor1_numt534	1	1	1	1	1	1
mGorGor1_numt535	0	0	0	1	0	0
mGorGor1_numt536	0	0	0	1	0	0
mGorGor1_numt537	0	0	0	1	0	0
mGorGor1_numt538	0	0	0	1	0	0
mGorGor1_numt539	0	0	0	1	0	0
mGorGor1_numt540	0	0	0	1	0	0
mGorGor1_numt541	0	0	0	1	0	0
mGorGor1_numt542	0	0	0	1	0	0
mGorGor1_numt543	0	0	0	1	0	0
mGorGor1_numt544	0	0	0	1	0	0
mGorGor1_numt545	0	0	0	1	0	0
mGorGor1_numt546	0	0	0	1	0	0
mGorGor1_numt547	0	0	0	1	0	0
mGorGor1_numt548	0	0	0	1	0	0
mGorGor1_numt549	0	0	0	1	0	0
mGorGor1_numt550	0	0	0	1	0	0
mGorGor1_numt552	0	0	0	1	0	0
mGorGor1_numt553	0	0	0	1	0	0
mGorGor1_numt554	0	0	0	1	0	0
mGorGor1_numt555	0	0	0	1	0	0
mGorGor1_numt556	0	0	0	1	0	0
mGorGor1_numt557	0	0	0	1	0	0
mGorGor1_numt558	1	1	1	1	1	1
mGorGor1_numt559	1	1	1	1	1	1
mGorGor1_numt560	1	1	1	1	1	1
mGorGor1_numt561	1	1	1	1	1	1
mGorGor1_numt562	1	1	1	1	1	1
mGorGor1_numt563	1	1	1	1	1	1
mGorGor1_numt564	1	1	1	1	1	1
mGorGor1_numt565	1	1	1	1	1	1
mGorGor1_numt566	1	1	0	1	1	1
mGorGor1_numt567	1	1	1	1	1	1
mGorGor1_numt568	1	1	1	1	1	1
mGorGor1_numt569	1	1	1	1	1	1
mGorGor1_numt570	1	1	1	1	1	1
mGorGor1_numt571	0	1	1	1	1	1
mGorGor1_numt572	1	1	1	1	1	0
mGorGor1_numt573	1	1	1	1	0	0
mGorGor1_numt574	1	1	0	1	0	0
mGorGor1_numt575	1	1	1	1	1	1
mGorGor1_numt576	0	0	0	1	0	0
mGorGor1_numt577	1	1	1	1	1	1
mGorGor1_numt578	0	0	1	0	0	0
mGorGor1_numt579	1	1	1	1	1	1
mGorGor1_numt580	1	1	1	1	1	1
mGorGor1_numt581	1	1	1	1	1	1
mGorGor1_numt582	1	1	1	1	1	1
mGorGor1_numt583	1	1	1	1	0	0
mGorGor1_numt584	0	0	0	1	0	0
mGorGor1_numt585	0	0	0	1	0	0
mGorGor1_numt586	0	0	0	1	1	1
mGorGor1_numt587	0	0	0	1	1	1
mGorGor1_numt588	0	0	0	1	1	1
mGorGor1_numt589	0	0	0	1	1	0
mGorGor1_numt590	0	0	0	1	1	1
mGorGor1_numt591	0	0	0	1	1	1
mGorGor1_numt592	0	0	0	1	0	0
mGorGor1_numt593	0	0	1	1	1	0
mGorGor1_numt594	0	0	0	1	0	0
mGorGor1_numt595	0	0	0	1	0	0
mGorGor1_numt596	0	0	0	1	0	0
mGorGor1_numt597	0	0	0	1	0	0
mGorGor1_numt598	0	0	0	1	0	0
mGorGor1_numt599	0	0	0	1	0	0
mGorGor1_numt600	0	0	0	1	0	0
mGorGor1_numt601	1	1	1	1	0	0
mGorGor1_numt602	1	1	1	1	1	1
mGorGor1_numt603	0	0	0	1	1	1
mGorGor1_numt604	1	1	1	1	1	1
mGorGor1_numt605	1	1	1	1	1	1
mGorGor1_numt606	1	1	1	1	0	0
mGorGor1_numt607	1	1	1	1	0	0
mGorGor1_numt608	1	1	1	1	1	1
mGorGor1_numt609	1	1	1	1	1	1
mGorGor1_numt610	1	1	1	1	0	1
mGorGor1_numt611	1	1	1	1	0	0
mGorGor1_numt612	1	1	1	1	0	0
mGorGor1_numt613	1	1	1	1	0	0
mGorGor1_numt614	0	0	0	1	0	0
mGorGor1_numt615	1	1	1	1	0	0
mGorGor1_numt616	1	1	1	1	0	0
mGorGor1_numt617	1	1	1	1	0	0
mGorGor1_numt618	1	0	1	1	0	0
mGorGor1_numt619	1	1	1	1	0	0
mGorGor1_numt620	0	0	0	1	0	0
mGorGor1_numt621	0	0	0	1	0	0
mGorGor1_numt622	0	0	0	1	0	0
mGorGor1_numt623	0	0	0	1	0	0
mGorGor1_numt625	0	0	0	1	0	0
mGorGor1_numt626	1	1	1	1	0	0
mGorGor1_numt627	1	1	1	1	0	0
mGorGor1_numt628	1	1	1	1	1	1
mGorGor1_numt629	0	0	0	1	1	1
mGorGor1_numt630	1	1	1	1	1	1
mGorGor1_numt631	1	1	1	1	1	1
mGorGor1_numt632	1	1	1	1	1	1
mGorGor1_numt633	1	1	1	1	0	0
mGorGor1_numt634	1	1	1	1	1	1
mGorGor1_numt636	1	1	1	1	0	0
mGorGor1_numt637	1	1	1	1	0	0
mGorGor1_numt638	0	0	0	1	0	0
mGorGor1_numt639	1	1	1	1	1	1
mGorGor1_numt640	1	1	0	1	0	0
mGorGor1_numt641	1	1	1	1	1	1
mGorGor1_numt642	0	0	0	1	0	0
mGorGor1_numt643	0	1	1	1	0	0
mGorGor1_numt644	0	0	1	1	1	1
mGorGor1_numt645	1	1	1	1	1	1
mGorGor1_numt646	1	1	1	1	1	1
mGorGor1_numt647	1	1	1	1	1	1
mGorGor1_numt648	1	1	1	1	1	1
mGorGor1_numt649	1	1	1	1	1	1
mGorGor1_numt650	1	1	1	1	1	1
mGorGor1_numt651	1	1	1	1	1	0
mGorGor1_numt652	1	1	1	1	1	1
mGorGor1_numt653	1	1	1	1	1	1
mGorGor1_numt654	1	1	1	1	1	1
mGorGor1_numt655	1	1	1	1	1	1
mGorGor1_numt656	1	1	1	1	1	1
mGorGor1_numt657	1	1	0	1	1	1
mGorGor1_numt658	1	1	1	1	1	1
mGorGor1_numt659	1	1	1	1	0	0
mGorGor1_numt660	0	1	1	1	0	0
mGorGor1_numt661	1	1	1	1	0	0
mGorGor1_numt662	1	1	1	1	1	1
mGorGor1_numt663	1	1	1	1	1	1
mGorGor1_numt664	1	1	1	1	1	1
mGorGor1_numt665	1	1	0	1	1	1
mGorGor1_numt666	1	1	1	1	1	1
mGorGor1_numt667	1	1	1	1	1	1
mGorGor1_numt668	1	1	1	1	0	0
mGorGor1_numt669	1	1	1	1	0	0
mGorGor1_numt670	1	1	1	1	1	1
mGorGor1_numt671	0	0	0	1	0	0
mGorGor1_numt672	1	1	1	1	1	1
mGorGor1_numt673	1	1	1	1	1	1
mGorGor1_numt674	1	1	1	1	1	1
mGorGor1_numt675	1	1	1	1	1	1
mGorGor1_numt676	1	1	1	1	1	1
mGorGor1_numt677	1	1	1	1	1	1
mGorGor1_numt678	1	1	1	1	1	1
mGorGor1_numt679	1	1	1	1	1	1
mGorGor1_numt680	1	1	1	1	1	1
mGorGor1_numt681	1	1	1	1	1	1
mGorGor1_numt682	1	1	1	1	1	1
mGorGor1_numt683	0	0	1	1	1	1
mGorGor1_numt684	1	1	1	1	1	0
mGorGor1_numt685	1	1	1	1	1	1
mGorGor1_numt686	1	1	1	1	1	1
mGorGor1_numt687	0	0	0	1	0	0
mGorGor1_numt688	0	0	0	1	0	0
mGorGor1_numt689	1	1	1	1	1	1
mGorGor1_numt690	1	1	1	1	1	1
mGorGor1_numt691	1	1	1	1	1	1
mGorGor1_numt692	1	1	1	1	1	0
mGorGor1_numt693	1	1	1	1	1	1
mGorGor1_numt694	1	1	1	1	1	1
mGorGor1_numt695	1	1	1	1	1	1
mGorGor1_numt696	1	1	1	1	1	1
mGorGor1_numt697	1	1	1	1	1	1
mGorGor1_numt698	0	0	1	1	0	0
mGorGor1_numt699	0	0	1	1	0	0
mGorGor1_numt701	0	0	0	1	0	0
mPanPan1_numt1	1	1	1	1	1	0
mPanPan1_numt2	1	1	1	1	1	1
mPanPan1_numt3	1	1	1	1	1	1
mPanPan1_numt4	1	1	1	1	0	0
mPanPan1_numt5	1	1	0	0	0	0
mPanPan1_numt6	1	1	0	0	0	0
mPanPan1_numt7	1	1	0	1	0	0
mPanPan1_numt8	1	0	0	0	0	0
mPanPan1_numt9	1	1	0	0	0	0
mPanPan1_numt10	1	1	0	1	0	0
mPanPan1_numt11	1	1	0	1	0	0
mPanPan1_numt12	1	1	0	1	0	0
mPanPan1_numt13	1	1	0	1	0	0
mPanPan1_numt14	1	0	0	1	0	0
mPanPan1_numt15	1	0	0	1	0	0
mPanPan1_numt16	1	1	0	1	0	0
mPanPan1_numt17	1	1	0	1	0	0
mPanPan1_numt18	1	1	0	1	0	0
mPanPan1_numt19	1	1	0	1	0	0
mPanPan1_numt20	1	1	0	0	0	0
mPanPan1_numt21	1	1	1	1	1	1
mPanPan1_numt22	1	1	1	1	1	1
mPanPan1_numt23	1	1	1	1	1	1
mPanPan1_numt24	1	1	1	1	1	1
mPanPan1_numt25	1	1	0	1	0	0
mPanPan1_numt26	1	1	1	1	1	1
mPanPan1_numt27	1	1	0	0	0	0
mPanPan1_numt28	1	0	0	0	0	0
mPanPan1_numt29	1	1	0	0	0	0
mPanPan1_numt30	1	1	0	0	0	0
mPanPan1_numt31	1	1	0	0	0	0
mPanPan1_numt32	1	1	0	0	0	0
mPanPan1_numt33	1	1	0	0	0	0
mPanPan1_numt34	1	1	0	0	0	0
mPanPan1_numt35	1	1	0	0	0	0
mPanPan1_numt36	1	1	0	0	1	1
mPanPan1_numt37	1	1	1	1	0	0
mPanPan1_numt38	1	1	1	1	0	0
mPanPan1_numt39	1	1	0	0	1	1
mPanPan1_numt40	1	1	0	0	1	1
mPanPan1_numt41	1	1	1	1	0	0
mPanPan1_numt42	1	1	1	1	0	0
mPanPan1_numt43	1	1	1	1	0	0
mPanPan1_numt44	1	1	1	1	0	0
mPanPan1_numt45	1	1	1	1	1	1
mPanPan1_numt46	1	1	1	1	1	1
mPanPan1_numt47	1	1	1	1	1	1
mPanPan1_numt48	1	1	1	1	1	1
mPanPan1_numt49	1	1	1	1	1	1
mPanPan1_numt50	1	1	1	1	1	1
mPanPan1_numt51	1	1	1	1	0	0
mPanPan1_numt52	1	1	1	1	0	0
mPanPan1_numt53	1	1	0	1	1	1
mPanPan1_numt54	1	1	0	1	1	1
mPanPan1_numt55	1	1	0	1	1	1
mPanPan1_numt56	1	1	0	1	1	1
mPanPan1_numt57	1	1	0	1	1	1
mPanPan1_numt58	1	1	0	1	0	0
mPanPan1_numt60	1	0	0	0	0	0
mPanPan1_numt61	1	1	0	1	1	1
mPanPan1_numt62	1	1	0	1	0	0
mPanPan1_numt63	1	1	0	1	1	1
mPanPan1_numt64	1	1	0	1	0	0
mPanPan1_numt66	1	1	0	1	1	1
mPanPan1_numt67	1	0	0	0	0	0
mPanPan1_numt68	1	1	1	1	0	0
mPanPan1_numt69	1	1	0	0	0	0
mPanPan1_numt70	1	1	0	0	0	0
mPanPan1_numt71	1	1	0	0	0	0
mPanPan1_numt72	1	1	0	0	0	0
mPanPan1_numt73	1	1	0	0	0	0
mPanPan1_numt74	1	1	0	1	0	0
mPanPan1_numt75	1	1	0	1	0	0
mPanPan1_numt76	1	1	0	1	0	0
mPanPan1_numt77	1	1	1	1	0	0
mPanPan1_numt78	1	0	1	0	0	0
mPanPan1_numt79	1	0	1	0	0	0
mPanPan1_numt80	1	0	1	0	0	0
mPanPan1_numt81	1	1	1	1	0	0
mPanPan1_numt82	1	1	0	1	1	0
mPanPan1_numt83	1	1	0	0	0	0
mPanPan1_numt84	1	1	0	1	0	0
mPanPan1_numt85	1	1	0	0	0	0
mPanPan1_numt86	1	1	0	1	0	0
mPanPan1_numt87	1	0	0	0	0	0
mPanPan1_numt88	1	1	0	1	1	1
mPanPan1_numt89	1	1	0	1	1	1
mPanPan1_numt90	1	1	0	1	1	1
mPanPan1_numt91	1	1	0	1	1	1
mPanPan1_numt92	1	1	0	0	0	0
mPanPan1_numt93	1	1	0	1	0	0
mPanPan1_numt94	1	1	0	1	1	1
mPanPan1_numt95	1	1	0	1	1	1
mPanPan1_numt96	1	1	0	1	0	0
mPanPan1_numt97	1	1	0	1	1	1
mPanPan1_numt98	1	1	0	1	0	0
mPanPan1_numt99	1	0	0	0	0	0
mPanPan1_numt100	1	1	0	1	1	1
mPanPan1_numt101	1	1	0	1	1	1
mPanPan1_numt102	1	0	0	0	0	0
mPanPan1_numt103	1	1	1	1	0	0
mPanPan1_numt104	1	1	1	1	0	0
mPanPan1_numt105	1	1	1	1	0	0
mPanPan1_numt106	1	1	1	1	0	0
mPanPan1_numt107	1	1	1	1	0	0
mPanPan1_numt108	1	1	1	1	0	0
mPanPan1_numt109	1	1	1	1	0	0
mPanPan1_numt110	1	1	1	1	0	0
mPanPan1_numt111	1	0	0	0	0	0
mPanPan1_numt112	1	0	0	0	0	0
mPanPan1_numt114	1	0	0	0	0	0
mPanPan1_numt115	1	0	0	0	0	0
mPanPan1_numt116	1	0	0	0	0	0
mPanPan1_numt117	1	0	0	0	0	0
mPanPan1_numt118	1	0	0	0	0	0
mPanPan1_numt119	1	0	0	0	0	0
mPanPan1_numt120	1	0	0	0	0	0
mPanPan1_numt121	1	0	0	0	0	0
mPanPan1_numt122	1	0	1	0	0	0
mPanPan1_numt123	1	0	1	0	0	0
mPanPan1_numt124	1	0	1	0	0	0
mPanPan1_numt125	1	1	0	1	1	1
mPanPan1_numt127	1	1	0	1	0	0
mPanPan1_numt128	1	1	0	1	0	0
mPanPan1_numt129	1	1	1	0	0	0
mPanPan1_numt130	1	1	1	0	0	0
mPanPan1_numt132	1	1	1	0	0	0
mPanPan1_numt133	1	0	0	0	0	0
mPanPan1_numt134	1	0	0	0	1	1
mPanPan1_numt135	1	0	0	0	1	1
mPanPan1_numt136	1	0	0	0	1	1
mPanPan1_numt137	1	0	0	0	1	1
mPanPan1_numt138	1	0	0	0	1	1
mPanPan1_numt139	1	0	0	0	0	0
mPanPan1_numt140	1	1	1	1	0	0
mPanPan1_numt141	1	1	1	1	1	1
mPanPan1_numt142	1	1	0	0	0	0
mPanPan1_numt143	1	1	0	0	0	0
mPanPan1_numt144	1	1	1	0	1	1
mPanPan1_numt145	1	1	1	1	1	1
mPanPan1_numt146	1	1	1	1	1	1
mPanPan1_numt147	1	1	1	1	1	1
mPanPan1_numt148	1	0	1	1	1	1
mPanPan1_numt149	1	1	1	1	1	1
mPanPan1_numt150	1	1	1	1	1	1
mPanPan1_numt151	1	1	1	1	1	1
mPanPan1_numt152	1	1	1	1	1	1
mPanPan1_numt154	1	1	1	1	0	0
mPanPan1_numt155	1	1	1	1	1	1
mPanPan1_numt156	1	1	1	1	1	1
mPanPan1_numt157	1	1	1	1	1	1
mPanPan1_numt158	1	1	1	1	1	1
mPanPan1_numt159	1	1	1	1	1	1
mPanPan1_numt160	1	1	1	1	1	1
mPanPan1_numt161	1	1	0	0	0	0
mPanPan1_numt162	1	1	1	1	1	1
mPanPan1_numt163	1	1	1	1	1	1
mPanPan1_numt164	1	1	1	1	1	1
mPanPan1_numt165	1	1	1	1	1	1
mPanPan1_numt166	1	1	1	1	1	1
mPanPan1_numt167	1	1	1	0	0	0
mPanPan1_numt168	1	1	1	1	1	1
mPanPan1_numt169	1	1	1	1	0	0
mPanPan1_numt170	1	1	1	1	1	1
mPanPan1_numt171	1	1	0	1	1	1
mPanPan1_numt172	1	1	0	1	0	0
mPanPan1_numt173	1	1	1	1	0	0
mPanPan1_numt174	1	1	1	0	0	0
mPanPan1_numt175	1	1	1	0	0	0
mPanPan1_numt176	1	1	1	0	0	0
mPanPan1_numt177	1	1	1	0	0	0
mPanPan1_numt178	1	1	1	0	0	0
mPanPan1_numt179	1	1	1	0	0	0
mPanPan1_numt180	1	1	1	1	1	1
mPanPan1_numt181	1	1	1	1	1	1
mPanPan1_numt182	1	1	1	1	1	1
mPanPan1_numt183	1	1	1	1	1	1
mPanPan1_numt184	1	1	1	1	1	1
mPanPan1_numt185	1	1	1	1	1	1
mPanPan1_numt186	1	1	1	1	1	1
mPanPan1_numt187	1	1	1	1	1	1
mPanPan1_numt188	1	1	1	1	0	0
mPanPan1_numt189	1	1	1	1	0	0
mPanPan1_numt190	1	1	0	1	1	1
mPanPan1_numt191	1	1	1	1	1	1
mPanPan1_numt192	1	1	1	1	0	0
mPanPan1_numt193	1	1	1	1	1	1
mPanPan1_numt194	1	1	0	1	1	1
mPanPan1_numt195	1	1	1	1	1	1
mPanPan1_numt196	1	1	1	1	1	1
mPanPan1_numt197	1	1	1	1	1	1
mPanPan1_numt198	1	1	0	0	0	0
mPanPan1_numt199	1	1	1	0	0	0
mPanPan1_numt200	1	1	1	0	0	0
mPanPan1_numt201	1	1	1	0	0	0
mPanPan1_numt202	1	1	1	1	0	0
mPanPan1_numt203	1	1	1	1	0	0
mPanPan1_numt204	1	1	1	1	0	0
mPanPan1_numt205	1	1	0	0	0	0
mPanPan1_numt206	1	1	1	0	1	1
mPanPan1_numt207	1	1	0	0	0	0
mPanPan1_numt208	1	1	0	0	0	0
mPanPan1_numt209	1	1	1	1	1	1
mPanPan1_numt210	1	0	0	0	0	0
mPanPan1_numt211	1	1	1	1	1	1
mPanPan1_numt212	1	1	1	0	1	1
mPanPan1_numt213	1	1	1	0	1	1
mPanPan1_numt214	1	1	1	0	1	1
mPanPan1_numt215	1	1	1	0	1	1
mPanPan1_numt216	1	1	1	1	0	1
mPanPan1_numt218	1	1	1	0	0	0
mPanPan1_numt219	1	1	1	0	0	0
mPanPan1_numt220	1	1	1	0	0	0
mPanPan1_numt221	1	1	1	0	0	0
mPanPan1_numt222	1	1	1	1	1	1
mPanPan1_numt223	1	1	1	1	1	1
mPanPan1_numt224	1	1	1	1	0	0
mPanPan1_numt225	1	1	1	1	1	1
mPanPan1_numt226	1	1	1	1	0	0
mPanPan1_numt227	1	1	1	1	1	1
mPanPan1_numt228	1	1	1	0	0	0
mPanPan1_numt229	1	1	1	1	1	1
mPanPan1_numt230	1	1	0	0	0	0
mPanPan1_numt231	1	1	1	1	0	0
mPanPan1_numt232	1	1	1	1	1	1
mPanPan1_numt233	1	1	1	1	1	1
mPanPan1_numt234	1	1	1	1	0	0
mPanPan1_numt235	1	1	0	0	0	0
mPanPan1_numt236	1	1	0	0	0	0
mPanPan1_numt237	1	0	0	0	0	0
mPanPan1_numt238	1	1	1	0	0	0
mPanPan1_numt239	1	1	1	0	0	0
mPanPan1_numt240	1	1	1	0	0	0
mPanPan1_numt241	1	1	1	1	1	1
mPanPan1_numt242	1	1	0	1	0	0
mPanPan1_numt243	1	1	1	1	0	0
mPanPan1_numt244	1	1	1	1	1	1
mPanPan1_numt245	1	1	0	0	0	0
mPanPan1_numt246	1	1	1	1	1	1
mPanPan1_numt247	1	1	1	1	1	1
mPanPan1_numt248	1	1	1	1	1	1
mPanPan1_numt249	1	1	1	1	1	1
mPanPan1_numt250	1	1	1	1	0	0
mPanPan1_numt251	1	1	1	1	1	1
mPanPan1_numt252	1	1	1	1	1	1
mPanPan1_numt253	1	0	0	0	0	0
mPanPan1_numt254	1	1	0	0	0	0
mPanPan1_numt255	1	1	1	1	0	0
mPanPan1_numt257	1	1	1	0	0	0
mPanPan1_numt258	1	1	1	0	0	0
mPanPan1_numt259	1	1	1	0	0	0
mPanPan1_numt260	1	0	1	1	1	1
mPanPan1_numt261	1	1	0	0	1	1
mPanPan1_numt263	1	1	1	1	0	1
mPanPan1_numt264	1	1	1	1	1	0
mPanPan1_numt265	1	1	0	0	0	0
mPanPan1_numt266	1	1	0	0	0	0
mPanPan1_numt267	1	1	0	1	0	0
mPanPan1_numt268	1	1	0	1	0	0
mPanPan1_numt269	1	1	0	1	1	1
mPanPan1_numt270	1	1	0	1	0	1
mPanPan1_numt271	1	1	1	0	0	0
mPanPan1_numt272	1	1	1	0	1	1
mPanPan1_numt273	1	1	0	0	0	0
mPanPan1_numt274	1	1	1	0	0	0
mPanPan1_numt275	1	1	1	0	0	0
mPanPan1_numt276	1	1	1	0	0	0
mPanPan1_numt277	1	1	1	0	1	1
mPanPan1_numt278	1	1	1	0	1	1
mPanPan1_numt279	1	1	1	0	1	1
mPanPan1_numt280	1	0	0	0	0	1
mPanPan1_numt281	1	1	0	1	1	1
mPanPan1_numt282	1	1	0	0	0	0
mPanPan1_numt283	1	1	0	0	1	1
mPanPan1_numt284	1	1	0	0	1	1
mPanPan1_numt285	1	1	0	0	1	1
mPanPan1_numt286	1	1	0	0	0	0
mPanPan1_numt287	1	1	0	0	1	1
mPanPan1_numt288	1	1	0	0	1	1
mPanPan1_numt289	1	1	0	1	1	1
mPanPan1_numt290	1	1	0	1	1	1
mPanPan1_numt291	1	1	0	1	1	1
mPanPan1_numt292	1	1	0	1	1	1
mPanPan1_numt293	1	1	0	1	1	1
mPanPan1_numt294	1	1	0	0	0	0
mPanPan1_numt295	1	1	0	1	1	1
mPanPan1_numt296	1	0	0	1	0	0
mPanPan1_numt297	1	1	0	0	0	0
mPanPan1_numt298	1	1	1	1	0	0
mPanPan1_numt299	1	1	0	1	1	1
mPanPan1_numt300	1	1	0	1	1	1
mPanPan1_numt301	1	1	0	0	0	0
mPanPan1_numt302	1	1	0	1	1	1
mPanPan1_numt303	1	1	0	1	1	1
mPanPan1_numt304	1	1	0	1	1	1
mPanPan1_numt305	1	1	0	1	1	1
mPanPan1_numt306	1	1	0	1	1	1
mPanPan1_numt307	1	1	0	1	1	1
mPanPan1_numt308	1	1	0	1	1	1
mPanPan1_numt309	1	1	0	1	1	1
mPanPan1_numt310	1	1	0	1	1	1
mPanPan1_numt311	1	1	0	1	1	1
mPanPan1_numt312	1	1	0	1	1	1
mPanPan1_numt313	1	0	0	0	0	0
mPanPan1_numt314	1	1	0	1	1	1
mPanPan1_numt315	1	1	0	1	1	1
mPanPan1_numt316	1	1	0	1	1	1
mPanPan1_numt317	1	0	0	0	0	0
mPanPan1_numt318	1	1	0	1	0	0
mPanPan1_numt324	1	1	0	1	1	1
mPanPan1_numt325	1	1	0	1	1	1
mPanPan1_numt326	1	1	0	1	0	0
mPanPan1_numt327	1	1	0	1	1	1
mPanPan1_numt328	1	1	0	1	0	0
mPanPan1_numt329	1	1	0	1	1	1
mPanPan1_numt330	1	1	1	1	1	1
mPanPan1_numt331	1	1	1	1	1	1
mPanPan1_numt332	1	1	1	1	1	1
mPanPan1_numt333	1	1	1	0	0	0
mPanPan1_numt334	1	1	1	1	1	1
mPanPan1_numt335	1	1	1	1	1	1
mPanPan1_numt336	1	1	1	1	1	1
mPanPan1_numt337	1	1	1	1	1	1
mPanPan1_numt339	1	1	0	0	0	0
mPanPan1_numt340	1	1	1	0	0	1
mPanPan1_numt341	1	1	1	1	1	1
mPanPan1_numt342	1	1	1	1	1	1
mPanPan1_numt343	1	1	1	1	1	1
mPanPan1_numt344	1	1	1	1	1	1
mPanPan1_numt345	1	1	1	1	1	1
mPanPan1_numt346	1	1	1	1	0	0
mPanPan1_numt347	1	1	1	1	1	1
mPanPan1_numt348	1	1	1	1	1	1
mPanPan1_numt349	1	1	1	1	1	1
mPanPan1_numt351	1	1	0	0	0	0
mPanPan1_numt352	1	1	1	1	0	0
mPanPan1_numt353	1	0	0	0	0	0
mPanPan1_numt354	1	1	0	1	0	0
mPanPan1_numt355	1	1	1	1	0	0
mPanPan1_numt356	1	1	1	1	1	1
mPanPan1_numt357	1	1	0	1	0	0
mPanPan1_numt358	1	1	1	1	0	0
mPanPan1_numt359	1	1	1	1	0	0
mPanPan1_numt360	1	1	1	1	0	0
mPanPan1_numt361	1	1	1	1	0	0
mPanPan1_numt362	1	1	1	1	1	1
mPanPan1_numt363	1	1	1	1	1	1
mPanPan1_numt364	1	1	1	1	1	1
mPanPan1_numt365	1	1	1	0	0	0
mPanPan1_numt366	1	1	1	0	0	0
mPanPan1_numt367	1	1	1	0	0	0
mPanPan1_numt368	1	1	1	1	1	1
mPanPan1_numt369	1	1	1	1	0	0
mPanPan1_numt370	1	1	1	1	1	1
mPanPan1_numt371	1	1	1	1	1	1
mPanPan1_numt372	1	1	1	1	1	1
mPanPan1_numt373	1	1	1	1	0	0
mPanPan1_numt374	1	1	1	0	0	0
mPanPan1_numt375	1	1	1	0	0	1
mPanPan1_numt376	1	1	1	0	0	0
mPanPan1_numt377	1	1	1	0	1	1
mPanPan1_numt378	1	1	1	1	1	1
mPanPan1_numt379	1	1	1	1	0	0
mPanPan1_numt380	1	1	1	0	0	0
mPanPan1_numt381	1	1	1	0	0	0
mPanPan1_numt382	1	1	1	0	0	0
mPanPan1_numt383	1	1	1	0	0	0
mPanPan1_numt384	1	1	1	1	0	0
mPanPan1_numt385	1	1	1	1	0	0
mPanPan1_numt386	1	1	1	1	0	0
mPanPan1_numt387	1	1	1	1	1	1
mPanPan1_numt388	1	1	1	1	0	0
mPanPan1_numt389	1	1	1	1	1	1
mPanPan1_numt390	1	1	0	0	0	0
mPanPan1_numt391	1	1	0	0	0	0
mPanPan1_numt392	1	1	1	1	1	1
mPanPan1_numt394	1	0	0	0	0	0
mPanPan1_numt395	1	1	1	1	1	1
mPanPan1_numt396	1	1	1	1	0	0
mPanPan1_numt397	1	1	1	1	0	0
mPanPan1_numt398	1	1	0	0	0	0
mPanPan1_numt399	1	1	1	1	0	0
mPanPan1_numt400	1	1	1	1	0	0
mPanPan1_numt401	1	1	1	1	0	0
mPanPan1_numt402	1	1	1	1	0	0
mPanPan1_numt404	1	1	1	1	0	0
mPanPan1_numt405	1	1	0	0	0	0
mPanPan1_numt406	1	1	1	1	1	0
mPanPan1_numt407	1	1	1	1	0	0
mPanPan1_numt408	1	0	0	0	0	0
mPanPan1_numt409	1	1	1	1	0	1
mPanPan1_numt410	1	1	1	1	0	0
mPanPan1_numt411	1	1	1	1	0	1
mPanPan1_numt412	1	1	1	1	0	1
mPanPan1_numt413	1	1	1	1	0	0
mPanPan1_numt414	1	1	1	1	0	0
mPanPan1_numt415	1	1	1	1	0	1
mPanPan1_numt416	1	1	1	1	0	0
mPanPan1_numt417	1	1	1	1	0	1
mPanPan1_numt418	1	1	1	1	0	1
mPanPan1_numt419	1	1	1	1	0	1
mPanPan1_numt420	1	1	0	0	0	0
mPanPan1_numt421	1	1	1	1	1	1
mPanPan1_numt422	1	1	0	0	0	0
mPanPan1_numt423	1	1	1	1	1	1
mPanPan1_numt424	1	1	1	1	1	1
mPanPan1_numt425	1	1	0	0	0	0
mPanPan1_numt426	1	1	1	1	1	1
mPanPan1_numt427	1	1	1	1	1	1
mPanPan1_numt428	1	1	1	1	1	1
mPanPan1_numt429	1	1	1	1	1	1
mPanPan1_numt430	1	1	1	0	0	0
mPanPan1_numt431	1	0	0	0	0	0
mPanPan1_numt432	1	1	1	1	1	1
mPanPan1_numt433	1	1	1	1	0	0
mPanPan1_numt434	1	1	1	0	0	0
mPanPan1_numt435	1	1	1	1	1	1
mPanPan1_numt436	1	1	1	1	1	1
mPanPan1_numt437	1	1	1	1	0	0
mPanPan1_numt438	1	0	0	0	0	0
mPanPan1_numt439	1	1	1	0	0	0
mPanPan1_numt440	1	1	1	1	1	1
mPanPan1_numt441	1	1	1	1	0	0
mPanPan1_numt442	1	1	1	1	0	0
mPanPan1_numt443	1	1	1	1	1	1
mPanPan1_numt444	1	1	1	1	0	0
mPanPan1_numt445	1	1	1	1	0	0
mPanPan1_numt446	1	1	0	0	0	0
mPanPan1_numt447	1	1	0	0	0	0
mPanPan1_numt448	1	1	0	1	0	0
mPanPan1_numt449	1	1	0	1	1	1
mPanPan1_numt450	1	1	0	1	1	1
mPanPan1_numt451	1	1	0	1	1	1
mPanPan1_numt452	1	1	0	1	0	1
mPanPan1_numt453	1	1	0	1	0	0
mPanPan1_numt454	1	1	0	1	0	0
mPanPan1_numt455	1	1	0	1	1	1
mPanPan1_numt456	1	1	0	0	0	0
mPanPan1_numt457	1	1	1	1	1	1
mPanPan1_numt458	1	1	1	1	1	1
mPanPan1_numt459	1	1	1	1	1	1
mPanPan1_numt460	1	1	1	1	1	1
mPanPan1_numt462	1	1	1	1	1	1
mPanPan1_numt463	1	1	1	1	1	1
mPanPan1_numt464	1	1	1	1	0	0
mPanPan1_numt465	1	1	1	1	1	1
mPanPan1_numt466	1	1	1	1	1	1
mPanPan1_numt467	1	1	1	1	0	0
mPanPan1_numt468	1	1	1	1	1	1
mPanPan1_numt469	1	1	0	0	0	0
mPanPan1_numt470	1	1	0	1	0	0
mPanPan1_numt471	1	0	0	0	0	0
mPanPan1_numt472	1	1	1	1	1	1
mPanPan1_numt473	1	1	0	0	0	0
mPanPan1_numt474	1	1	1	1	1	1
mPanPan1_numt475	1	1	1	0	0	0
mPanPan1_numt476	1	1	1	0	1	1
mPanPan1_numt477	1	1	1	0	1	1
mPanPan1_numt478	1	1	0	0	0	0
mPanPan1_numt479	1	1	1	0	1	0
mPanPan1_numt480	1	1	1	0	1	1
mPanPan1_numt481	1	1	1	0	1	1
mPanPan1_numt482	1	1	1	0	1	1
mPanPan1_numt483	1	1	0	0	0	0
mPanPan1_numt484	1	1	0	0	0	0
mPanPan1_numt485	1	1	0	0	0	0
mPanPan1_numt486	1	1	0	0	0	0
mPanPan1_numt487	1	1	0	0	0	0
mPanPan1_numt488	1	1	0	1	0	0
mPanPan1_numt489	1	1	0	1	0	0
mPanPan1_numt490	1	1	0	1	0	0
mPanPan1_numt491	1	1	0	1	0	0
mPanPan1_numt492	1	1	0	0	0	0
mPanPan1_numt493	1	1	1	0	0	0
mPanPan1_numt494	1	1	0	0	0	0
mPanPan1_numt495	1	0	0	0	0	0
mPanPan1_numt496	1	1	0	1	0	0
mPanPan1_numt497	1	1	1	1	1	1
mPanPan1_numt498	1	1	1	1	1	1
mPanPan1_numt499	1	0	0	0	0	0
mPanPan1_numt500	1	0	0	0	0	0
mPanPan1_numt501	1	1	1	1	0	0
mPanPan1_numt502	1	1	0	0	0	0
mPanPan1_numt503	1	1	1	1	1	1
mPanPan1_numt505	1	1	1	1	1	1
mPanPan1_numt506	1	1	0	0	0	0
mPanPan1_numt507	1	1	1	1	1	1
mPanPan1_numt508	1	1	1	1	1	1
mPanPan1_numt509	1	1	0	0	0	0
mPanPan1_numt510	1	1	1	1	1	1
mPanPan1_numt511	1	1	1	1	1	1
mPanPan1_numt512	1	0	0	0	0	0
mPanPan1_numt514	1	1	1	0	0	0
mPanPan1_numt515	1	1	1	1	0	0
mPanPan1_numt516	1	1	0	0	0	0
mPanPan1_numt517	1	1	0	0	0	0
mPanPan1_numt518	1	1	1	1	1	1
mPanPan1_numt519	1	0	0	0	0	0
mPanPan1_numt520	1	0	0	0	0	0
mPanPan1_numt521	1	0	0	0	0	0
mPanPan1_numt522	1	1	1	1	0	0
mPanPan1_numt523	1	1	0	1	0	0
mPanPan1_numt524	1	1	1	1	1	1
mPanPan1_numt525	1	1	1	1	1	1
mPanPan1_numt526	1	1	1	1	0	0
mPanPan1_numt527	1	1	1	1	1	1
mPanPan1_numt528	1	1	1	1	1	1
mPanPan1_numt529	1	0	0	0	0	0
mPanPan1_numt530	1	0	0	0	0	0
mPanPan1_numt531	1	1	0	0	0	0
mPanPan1_numt532	1	1	1	1	0	0
mPanPan1_numt533	1	1	1	1	1	1
mPanPan1_numt534	1	0	0	0	0	0
mPanPan1_numt535	1	1	1	1	1	1
mPanPan1_numt539	1	1	1	1	1	1
mPanPan1_numt540	1	1	1	1	1	1
mPanPan1_numt541	1	1	1	1	1	1
mPanPan1_numt542	1	1	1	1	0	0
mPanPan1_numt543	1	0	0	0	0	0
mPanPan1_numt544	1	1	1	1	1	1
mPanPan1_numt545	1	1	1	1	0	0
mPanPan1_numt546	1	1	1	1	1	1
mPanPan1_numt548	1	1	1	1	1	1
mPanPan1_numt549	1	1	0	0	0	0
mPanPan1_numt550	1	1	1	1	0	0
mPanPan1_numt551	1	1	1	1	0	0
mPanPan1_numt552	1	1	1	1	1	0
mPanPan1_numt553	1	0	0	0	0	0
mPanPan1_numt554	1	1	1	1	0	0
mPanPan1_numt555	1	1	1	1	0	0
mPanPan1_numt556	1	1	1	1	0	0
mPanPan1_numt557	1	1	1	0	0	0
mPanPan1_numt558	1	0	0	0	0	0
mPanPan1_numt559	1	1	1	1	0	0
mPanPan1_numt560	1	1	1	1	0	0
mPanPan1_numt561	1	1	1	1	0	0
mPanPan1_numt562	1	1	1	1	0	0
mPanPan1_numt563	1	1	0	0	0	0
mPanPan1_numt564	1	1	1	1	0	0
mPanPan1_numt565	1	0	0	0	0	0
mPanPan1_numt566	1	1	1	1	0	0
mPanPan1_numt568	1	0	0	0	0	0
mPanPan1_numt569	1	0	0	0	0	0
mPanPan1_numt570	1	0	0	0	0	0
mPanPan1_numt571	1	0	0	0	0	0
mPanPan1_numt572	1	0	0	0	0	0
mPanPan1_numt573	1	0	0	0	0	0
mPanPan1_numt574	1	0	0	0	0	0
mPanPan1_numt575	1	0	0	0	0	0
mPanPan1_numt576	1	0	0	0	0	0
mPanPan1_numt577	1	0	0	0	0	0
mPanPan1_numt578	1	1	0	0	0	0
mPanPan1_numt579	1	1	1	1	1	1
mPanPan1_numt580	1	1	1	1	1	1
mPanPan1_numt581	1	1	1	1	1	1
mPanPan1_numt582	1	1	1	1	1	1
mPanPan1_numt583	1	1	1	1	1	1
mPanPan1_numt584	1	1	1	1	1	1
mPanPan1_numt585	1	1	1	1	1	1
mPanPan1_numt586	1	1	1	1	1	1
mPanPan1_numt587	1	1	1	1	0	0
mPanPan1_numt588	1	1	1	1	0	0
mPanPan1_numt589	1	1	1	1	1	1
mPanPan1_numt590	1	1	1	1	1	1
mPanPan1_numt591	1	1	1	1	1	1
mPanPan1_numt592	1	1	1	1	0	0
mPanPan1_numt593	1	1	1	1	1	1
mPanPan1_numt594	1	1	1	1	0	0
mPanPan1_numt595	1	1	0	0	0	0
mPanPan1_numt596	1	1	1	0	0	0
mPanPan1_numt597	1	1	1	1	1	1
mPanPan1_numt598	1	1	1	1	1	1
mPanPan1_numt599	1	1	1	0	0	0
mPanPan1_numt600	1	1	1	1	1	0
mPanPan1_numt601	1	1	1	1	0	0
mPanPan1_numt602	1	1	0	0	0	0
mPanPan1_numt603	1	1	0	1	0	0
mPanPan1_numt604	1	1	1	1	1	0
mPanPan1_numt605	1	0	0	0	0	0
mPanPan1_numt606	1	1	1	1	1	1
mPanPan1_numt607	1	1	1	1	0	0
mPanPan1_numt608	1	1	1	1	1	1
mPanPan1_numt609	1	1	1	0	1	1
mPanPan1_numt610	1	1	1	0	0	1
mPanPan1_numt611	1	1	1	0	0	0
mPanPan1_numt612	1	1	1	0	1	1
mPanPan1_numt613	1	1	1	0	1	1
mPanPan1_numt614	1	1	1	0	1	1
mPanPan1_numt615	1	1	1	0	1	1
mPanPan1_numt617	1	1	1	0	0	1
mPanPan1_numt618	1	1	0	0	0	0
mPanPan1_numt619	1	1	1	0	1	1
mPanPan1_numt620	1	1	1	0	0	0
mPanPan1_numt621	1	1	1	0	1	1
mPanPan1_numt622	1	1	1	0	1	0
mPanPan1_numt623	1	1	1	0	1	1
mPanPan1_numt624	1	1	1	0	1	1
mPanPan1_numt625	1	1	0	0	0	0
mPanPan1_numt626	1	1	1	0	1	1
mPanPan1_numt627	1	1	1	0	1	1
mPanPan1_numt628	1	1	1	0	1	1
mPanPan1_numt629	1	1	1	0	1	1
mPanPan1_numt630	1	1	1	0	1	1
mPanPan1_numt631	1	1	1	0	0	0
mPanPan1_numt632	1	0	1	0	0	0
mPanPan1_numt633	1	1	1	0	1	0
mPanPan1_numt634	1	0	0	0	0	0
mPanPan1_numt635	1	0	0	0	0	0
mPanPan1_numt636	1	1	1	1	1	1
mPanPan1_numt637	1	1	1	1	1	1
mPanPan1_numt638	1	1	1	1	1	1
mPanPan1_numt639	1	1	1	1	1	1
mPanPan1_numt640	1	1	1	1	1	1
mPanPan1_numt641	1	1	1	1	1	1
mPanPan1_numt642	1	1	1	1	1	1
mPanPan1_numt643	1	1	1	1	0	1
mPanPan1_numt644	1	1	0	1	1	1
mPanPan1_numt645	1	1	1	1	1	1
mPanPan1_numt646	1	1	1	1	1	1
mPanPan1_numt647	1	1	1	1	1	1
mPanPan1_numt648	1	1	1	1	1	1
mPanPan1_numt649	1	1	1	1	1	1
mPanPan1_numt650	1	1	1	1	1	1
mPanPan1_numt651	1	1	0	1	0	0
mPanPan1_numt652	1	1	1	1	1	1
mPanPan1_numt653	1	1	1	1	1	1
mPanPan1_numt654	1	0	0	0	0	0
mPanPan1_numt655	1	0	0	0	0	0
mPanPan1_numt656	1	1	1	1	1	0
mPanPan1_numt657	1	1	1	1	1	1
mPanPan1_numt658	1	1	1	1	1	1
mPanPan1_numt659	1	1	1	1	1	1
mPanPan1_numt660	1	1	1	1	1	1
mPanPan1_numt661	1	1	1	1	1	1
mPanPan1_numt662	1	1	1	1	1	1
mPanPan1_numt663	1	1	0	1	1	1
mPanPan1_numt664	1	1	1	1	1	1
mPanPan1_numt665	1	1	1	0	0	0
mPanPan1_numt666	1	1	0	0	1	0
mPanPan1_numt667	1	1	1	0	1	1
mPanPan1_numt668	1	1	1	0	0	0
mPanPan1_numt669	1	1	1	0	0	0
mPanPan1_numt670	1	1	1	1	0	0
mPanPan1_numt671	1	1	1	1	0	0
mPanPan1_numt672	1	1	1	0	1	1
mPanPan1_numt673	1	1	1	0	0	0
mPanPan1_numt674	1	1	1	0	0	0
mPanPan1_numt675	1	0	0	0	0	0
mPanPan1_numt676	1	1	1	0	0	0
mPanPan1_numt677	1	1	1	0	0	0
mPanPan1_numt678	1	1	1	0	0	0
mPanPan1_numt679	1	1	1	0	0	0
mPanPan1_numt680	1	1	1	1	0	0
mPanPan1_numt681	1	1	1	1	1	1
mPanPan1_numt682	1	1	1	1	1	1
mPanPan1_numt683	1	1	1	1	0	0
mPanPan1_numt684	1	1	1	0	0	1
mPanPan1_numt685	1	1	1	1	1	1
mPanPan1_numt686	1	1	1	1	0	0
mPanPan1_numt687	1	1	1	1	0	0
mPanPan1_numt688	1	1	1	1	1	1
mPanPan1_numt689	1	1	1	1	1	1
mPanPan1_numt690	1	1	1	1	0	0
mPanPan1_numt691	1	1	1	1	0	0
mPanPan1_numt692	1	1	1	1	0	0
mPanPan1_numt693	1	1	1	1	0	0
mPanPan1_numt694	1	1	1	1	0	0
mPanPan1_numt695	1	1	1	1	0	0
mPanPan1_numt696	1	1	1	1	0	0
mPanPan1_numt697	1	1	1	1	0	0
mPanPan1_numt698	1	1	1	0	0	0
mPanPan1_numt699	1	1	1	1	0	0
mPanPan1_numt700	1	1	1	1	0	0
mPanPan1_numt701	1	1	1	1	1	1
mPanPan1_numt702	1	1	1	1	1	1
mPanPan1_numt703	1	1	1	1	1	1
mPanPan1_numt704	1	1	1	1	1	1
mPanPan1_numt705	1	1	1	1	0	0
mPanPan1_numt706	1	1	1	1	1	1
mPanPan1_numt707	1	0	0	0	0	0
mPanPan1_numt708	1	1	1	1	0	0
mPanPan1_numt709	1	1	0	0	0	0
mPanPan1_numt710	1	1	1	1	0	0
mPanPan1_numt711	1	0	0	0	0	0
mPanPan1_numt712	1	1	1	1	1	1
mPanPan1_numt713	1	1	1	1	1	1
mPanPan1_numt714	1	1	1	1	1	1
mPanPan1_numt715	1	1	1	0	0	0
mPanPan1_numt716	1	0	0	0	0	0
mPanPan1_numt717	1	1	1	1	1	1
mPanPan1_numt718	1	1	1	0	1	1
mPanPan1_numt719	1	1	1	1	1	1
mPanPan1_numt720	1	1	1	1	1	1
mPanPan1_numt721	1	1	1	1	1	1
mPanPan1_numt722	1	1	1	1	1	1
mPanPan1_numt723	1	1	1	1	1	0
mPanPan1_numt724	1	1	1	1	1	1
mPanPan1_numt725	1	1	1	1	1	1
mPanPan1_numt726	1	1	1	1	1	1
mPanPan1_numt727	1	1	1	1	1	1
mPanPan1_numt728	1	1	1	1	1	1
mPanPan1_numt729	1	1	0	1	1	1
mPanPan1_numt730	1	1	1	1	1	1
mPanPan1_numt731	1	1	1	1	0	0
mPanPan1_numt732	1	0	0	0	0	0
mPanPan1_numt733	1	0	0	0	0	0
mPanPan1_numt734	1	1	1	1	0	0
mPanPan1_numt735	1	1	1	1	1	1
mPanPan1_numt736	1	1	1	1	1	1
mPanPan1_numt737	1	1	1	1	1	1
mPanPan1_numt738	1	1	0	1	1	1
mPanPan1_numt739	1	1	1	1	1	1
mPanPan1_numt740	1	1	1	1	1	1
mPanPan1_numt741	1	1	1	1	0	0
mPanPan1_numt742	1	1	1	1	0	0
mPanPan1_numt743	1	1	1	1	1	1
mPanPan1_numt744	1	1	1	1	1	1
mPanPan1_numt745	1	1	1	1	1	1
mPanPan1_numt746	1	1	1	1	1	1
mPanPan1_numt747	1	1	1	1	1	1
mPanPan1_numt748	1	1	1	1	1	1
mPanPan1_numt749	1	1	1	1	1	1
mPanPan1_numt750	1	1	1	1	1	1
mPanPan1_numt751	1	1	1	1	1	1
mPanPan1_numt752	1	1	1	1	1	1
mPanPan1_numt753	1	1	1	1	1	1
mPanPan1_numt754	1	1	1	1	1	1
mPanPan1_numt755	1	1	1	1	0	0
mPanPan1_numt756	1	1	1	1	1	0
mPanPan1_numt757	1	1	1	1	1	1
mPanPan1_numt758	1	1	1	1	1	1
mPanPan1_numt759	1	1	1	1	1	1
mPanPan1_numt760	1	1	0	1	1	1
mPanPan1_numt761	1	1	0	1	1	1
mPanPan1_numt762	1	1	1	1	1	1
mPanPan1_numt763	1	1	1	1	0	1
mPanPan1_numt764	1	1	1	1	1	1
mPanPan1_numt765	1	1	1	1	0	0
mPanPan1_numt766	1	1	1	1	1	0
mPanPan1_numt767	1	1	1	1	1	1
mPanPan1_numt768	1	1	1	1	1	1
mPanPan1_numt769	1	1	1	1	1	1
mPanPan1_numt770	1	1	1	1	0	0
mPanPan1_numt771	1	1	1	0	0	0
mPanPan1_numt772	1	1	1	0	0	0
mPanPan1_numt773	1	1	1	0	0	0
mPanPan1_numt774	1	1	1	0	0	0
mPanPan1_numt775	1	1	1	1	0	0
mPanPan1_numt776	1	1	0	0	0	0
mPanPan1_numt777	1	1	0	0	0	0
mPanPan1_numt778	1	1	0	0	0	0
mPanPan1_numt779	1	1	0	0	0	0
mPanPan1_numt780	1	1	0	0	0	0
mPanPan1_numt781	1	1	0	0	0	0
mPanPan1_numt782	1	1	0	0	0	0
mPanPan1_numt783	1	1	0	0	0	0
mPanPan1_numt784	1	1	0	0	0	0
mPanPan1_numt785	1	1	0	0	0	0
mPanPan1_numt786	1	1	0	0	0	0
mPanPan1_numt787	1	1	0	0	0	0
mPanPan1_numt788	1	1	0	0	0	0
mPanPan1_numt789	1	1	0	0	0	0
mPanPan1_numt790	1	1	0	0	0	0
mPanPan1_numt791	1	1	0	0	0	0
mPanPan1_numt792	1	1	0	0	0	0
mPanPan1_numt793	1	1	0	0	0	0
mPanPan1_numt794	1	1	0	0	0	0
mPanPan1_numt795	1	1	0	0	0	0
mPanPan1_numt796	1	1	0	0	0	0
mPanPan1_numt797	1	1	0	0	0	0
mPanPan1_numt798	1	1	0	0	0	0
mPanPan1_numt799	1	1	0	0	0	0
mPanPan1_numt800	1	1	0	0	0	0
mPanPan1_numt801	1	1	0	0	0	0
mPanPan1_numt802	1	1	0	0	0	0
mPanPan1_numt803	1	1	0	0	0	0
mPanPan1_numt804	1	1	0	0	0	0
mPanPan1_numt805	1	1	0	0	0	0
mPanPan1_numt806	1	1	0	0	0	0
mPanPan1_numt807	1	1	0	0	0	0
mPanPan1_numt808	1	1	0	0	0	0
mPanPan1_numt809	1	1	0	0	0	0
mPanPan1_numt810	1	1	0	0	0	0
mPanPan1_numt811	1	1	0	0	0	0
mPanPan1_numt812	1	1	0	0	0	0
mPanPan1_numt813	1	1	0	0	0	0
mPanPan1_numt814	1	1	0	0	0	0
mPanPan1_numt815	1	1	0	0	0	0
mPanPan1_numt816	1	1	0	0	0	0
mPanPan1_numt817	1	1	0	0	0	0
mPanPan1_numt818	1	1	0	0	0	0
mPanPan1_numt819	1	1	0	0	0	0
mPanPan1_numt820	1	1	0	0	0	0
mPanPan1_numt821	1	1	0	0	0	0
mPanPan1_numt822	1	1	0	0	0	0
mPanPan1_numt823	1	1	0	0	0	0
mPanPan1_numt824	1	1	0	0	0	0
mPanPan1_numt825	1	1	0	0	0	0
mPanPan1_numt826	1	1	0	0	0	0
mPanPan1_numt827	1	1	0	0	0	0
mPanPan1_numt828	1	1	0	0	0	0
mPanPan1_numt829	1	1	0	0	0	0
mPanPan1_numt830	1	1	0	0	0	0
mPanPan1_numt831	1	1	0	0	0	0
mPanPan1_numt832	1	1	0	0	0	0
mPanPan1_numt833	1	1	0	0	0	0
mPanPan1_numt834	1	1	0	0	0	0
mPanPan1_numt835	1	1	0	0	0	0
mPanPan1_numt836	1	1	0	0	0	0
mPanPan1_numt837	1	1	0	0	0	0
mPanPan1_numt838	1	1	0	0	0	0
mPanPan1_numt839	1	1	0	0	0	0
mPanPan1_numt840	1	1	0	0	0	0
mPanTro3_numt1	1	1	1	1	1	0
mPanTro3_numt2	1	1	1	1	1	1
mPanTro3_numt3	1	1	1	1	1	1
mPanTro3_numt4	1	1	1	1	1	1
mPanTro3_numt5	1	1	1	1	0	0
mPanTro3_numt6	1	1	0	0	0	0
mPanTro3_numt7	1	1	0	0	0	0
mPanTro3_numt8	1	1	0	1	0	0
mPanTro3_numt9	1	1	0	0	0	0
mPanTro3_numt10	1	1	0	1	0	0
mPanTro3_numt11	1	1	0	1	0	0
mPanTro3_numt12	1	1	0	1	0	0
mPanTro3_numt13	1	1	0	1	0	0
mPanTro3_numt14	1	1	0	1	0	0
mPanTro3_numt15	0	1	0	0	0	0
mPanTro3_numt16	1	1	0	1	0	0
mPanTro3_numt17	1	1	0	1	0	0
mPanTro3_numt18	1	1	0	1	0	0
mPanTro3_numt19	1	1	0	0	0	0
mPanTro3_numt20	0	1	0	0	0	0
mPanTro3_numt21	1	1	1	1	1	1
mPanTro3_numt22	1	1	1	1	1	1
mPanTro3_numt23	1	1	1	1	1	1
mPanTro3_numt24	1	1	0	1	0	0
mPanTro3_numt25	1	1	1	1	1	1
mPanTro3_numt26	1	1	0	0	0	0
mPanTro3_numt27	1	1	0	0	0	0
mPanTro3_numt28	1	1	0	0	0	0
mPanTro3_numt29	1	1	0	0	0	0
mPanTro3_numt30	1	1	0	0	0	0
mPanTro3_numt31	1	1	0	0	0	0
mPanTro3_numt32	1	1	0	0	0	0
mPanTro3_numt33	1	1	0	0	0	0
mPanTro3_numt34	1	1	0	0	1	1
mPanTro3_numt35	1	1	1	1	0	0
mPanTro3_numt36	1	1	1	1	0	0
mPanTro3_numt37	1	1	0	0	1	1
mPanTro3_numt38	1	1	0	0	1	1
mPanTro3_numt39	1	1	1	1	0	0
mPanTro3_numt40	1	1	1	1	0	0
mPanTro3_numt41	1	1	1	1	0	0
mPanTro3_numt42	1	1	1	1	0	0
mPanTro3_numt43	1	1	1	1	0	0
mPanTro3_numt44	1	1	1	1	1	1
mPanTro3_numt45	1	1	1	1	1	1
mPanTro3_numt46	1	1	1	1	1	1
mPanTro3_numt47	1	1	1	1	1	1
mPanTro3_numt48	1	1	1	1	1	1
mPanTro3_numt49	1	1	1	1	0	0
mPanTro3_numt50	1	1	1	1	0	0
mPanTro3_numt51	1	1	0	1	1	1
mPanTro3_numt52	1	1	0	1	1	1
mPanTro3_numt53	1	1	0	1	1	1
mPanTro3_numt54	1	1	0	1	1	1
mPanTro3_numt55	1	1	0	1	0	0
mPanTro3_numt56	0	1	0	0	0	0
mPanTro3_numt57	0	1	0	0	0	0
mPanTro3_numt58	1	1	0	1	1	1
mPanTro3_numt59	1	1	0	1	0	0
mPanTro3_numt60	1	1	0	1	1	1
mPanTro3_numt62	1	1	0	1	1	1
mPanTro3_numt63	1	1	1	1	0	0
mPanTro3_numt64	1	1	0	0	0	0
mPanTro3_numt65	1	1	0	0	0	0
mPanTro3_numt66	1	1	0	0	0	0
mPanTro3_numt67	1	1	0	0	0	0
mPanTro3_numt68	1	1	0	0	0	0
mPanTro3_numt69	1	1	0	1	0	0
mPanTro3_numt70	1	1	0	1	0	0
mPanTro3_numt71	1	1	0	1	0	0
mPanTro3_numt72	1	1	0	1	0	0
mPanTro3_numt73	1	1	1	1	0	0
mPanTro3_numt74	1	1	0	1	0	0
mPanTro3_numt75	1	1	0	1	0	0
mPanTro3_numt76	1	1	0	1	0	0
mPanTro3_numt77	1	1	1	1	0	0
mPanTro3_numt78	1	1	0	1	1	0
mPanTro3_numt79	1	1	0	0	0	0
mPanTro3_numt80	1	1	0	1	0	0
mPanTro3_numt81	1	1	0	0	0	0
mPanTro3_numt82	1	1	0	1	0	0
mPanTro3_numt83	1	1	0	1	1	1
mPanTro3_numt84	1	1	0	1	1	1
mPanTro3_numt85	1	1	0	1	1	1
mPanTro3_numt86	1	1	0	1	1	1
mPanTro3_numt87	1	1	0	1	0	0
mPanTro3_numt88	1	1	0	1	0	0
mPanTro3_numt89	1	1	0	1	1	1
mPanTro3_numt90	1	1	0	1	1	1
mPanTro3_numt91	1	1	0	1	1	1
mPanTro3_numt92	1	1	0	1	1	1
mPanTro3_numt93	1	1	1	1	0	0
mPanTro3_numt94	1	1	1	1	0	0
mPanTro3_numt95	1	1	1	1	0	0
mPanTro3_numt96	1	1	1	1	0	0
mPanTro3_numt97	1	1	1	1	0	0
mPanTro3_numt98	1	1	1	1	0	0
mPanTro3_numt99	1	1	1	1	0	0
mPanTro3_numt100	1	1	1	1	0	0
mPanTro3_numt101	0	1	1	1	0	0
mPanTro3_numt102	0	1	1	1	0	0
mPanTro3_numt103	0	1	1	1	0	0
mPanTro3_numt104	0	1	1	1	0	0
mPanTro3_numt105	0	1	0	0	0	0
mPanTro3_numt106	1	1	0	1	1	1
mPanTro3_numt108	1	1	0	1	0	0
mPanTro3_numt109	1	1	0	1	0	0
mPanTro3_numt110	0	1	0	0	0	0
mPanTro3_numt111	0	1	0	0	0	0
mPanTro3_numt112	1	1	1	0	0	0
mPanTro3_numt113	1	1	1	0	0	0
mPanTro3_numt115	1	1	1	0	0	0
mPanTro3_numt116	0	1	0	1	0	0
mPanTro3_numt117	0	1	0	1	0	0
mPanTro3_numt118	0	1	1	1	1	1
mPanTro3_numt119	0	1	1	1	1	1
mPanTro3_numt120	0	1	1	1	1	1
mPanTro3_numt121	0	1	1	1	0	0
mPanTro3_numt122	0	1	1	1	0	0
mPanTro3_numt123	0	1	1	1	0	0
mPanTro3_numt124	0	1	1	1	1	1
mPanTro3_numt127	0	1	1	1	1	1
mPanTro3_numt128	0	1	0	0	0	0
mPanTro3_numt129	1	1	1	1	0	0
mPanTro3_numt130	1	1	1	1	1	1
mPanTro3_numt131	0	1	0	0	0	0
mPanTro3_numt132	1	1	1	1	1	1
mPanTro3_numt133	1	1	1	1	1	1
mPanTro3_numt134	1	1	1	1	1	1
mPanTro3_numt135	1	1	1	1	1	1
mPanTro3_numt136	0	1	0	0	0	0
mPanTro3_numt137	1	1	1	1	1	1
mPanTro3_numt138	1	1	1	1	1	1
mPanTro3_numt139	1	1	1	1	1	1
mPanTro3_numt141	1	1	1	1	0	0
mPanTro3_numt142	1	1	1	1	1	1
mPanTro3_numt143	1	1	1	1	1	1
mPanTro3_numt144	1	1	1	1	1	1
mPanTro3_numt146	1	1	1	1	0	0
mPanTro3_numt147	1	1	1	1	1	1
mPanTro3_numt148	1	1	1	1	1	1
mPanTro3_numt149	1	1	1	1	1	1
mPanTro3_numt150	1	1	1	1	1	1
mPanTro3_numt151	1	1	1	1	1	1
mPanTro3_numt152	1	1	1	1	1	1
mPanTro3_numt153	1	1	0	0	0	0
mPanTro3_numt154	1	1	1	1	1	1
mPanTro3_numt155	1	1	1	1	1	1
mPanTro3_numt156	1	1	1	1	1	1
mPanTro3_numt157	0	1	0	0	0	0
mPanTro3_numt158	1	1	1	1	1	1
mPanTro3_numt159	0	1	0	0	0	0
mPanTro3_numt160	1	1	1	1	1	1
mPanTro3_numt161	1	1	1	0	1	1
mPanTro3_numt162	1	1	1	1	1	1
mPanTro3_numt163	0	1	0	0	0	0
mPanTro3_numt164	0	1	0	0	0	0
mPanTro3_numt165	0	1	0	0	0	0
mPanTro3_numt166	1	1	1	1	0	0
mPanTro3_numt167	1	1	0	1	1	1
mPanTro3_numt168	1	1	0	1	0	0
mPanTro3_numt169	1	1	1	1	0	0
mPanTro3_numt170	1	1	1	0	0	0
mPanTro3_numt171	1	1	1	0	0	0
mPanTro3_numt172	1	1	1	0	0	0
mPanTro3_numt173	1	1	1	0	0	0
mPanTro3_numt174	1	1	1	0	0	0
mPanTro3_numt175	1	1	1	0	0	0
mPanTro3_numt177	1	1	1	1	0	0
mPanTro3_numt178	1	1	1	1	0	0
mPanTro3_numt179	1	1	1	1	0	0
mPanTro3_numt180	0	1	0	0	0	0
mPanTro3_numt181	1	1	1	1	1	1
mPanTro3_numt182	1	1	1	1	1	1
mPanTro3_numt183	1	1	1	1	1	1
mPanTro3_numt184	1	1	1	1	1	1
mPanTro3_numt185	1	1	1	1	1	1
mPanTro3_numt186	1	1	1	1	1	1
mPanTro3_numt187	1	1	1	1	1	1
mPanTro3_numt188	1	1	1	1	0	0
mPanTro3_numt189	1	1	1	1	0	0
mPanTro3_numt190	1	1	0	1	1	1
mPanTro3_numt191	1	1	1	1	1	1
mPanTro3_numt192	1	1	1	1	0	0
mPanTro3_numt193	1	1	1	1	1	1
mPanTro3_numt194	1	1	0	1	1	1
mPanTro3_numt195	1	1	1	1	1	1
mPanTro3_numt196	1	1	1	1	1	1
mPanTro3_numt197	1	1	1	1	1	1
mPanTro3_numt198	1	1	0	0	0	0
mPanTro3_numt200	1	1	1	0	0	0
mPanTro3_numt201	1	1	1	0	0	0
mPanTro3_numt202	1	1	1	0	0	0
mPanTro3_numt203	1	1	0	0	0	0
mPanTro3_numt204	1	1	1	0	1	1
mPanTro3_numt205	1	1	0	0	0	0
mPanTro3_numt206	1	1	0	0	0	0
mPanTro3_numt207	1	1	1	1	1	1
mPanTro3_numt208	1	1	1	1	1	1
mPanTro3_numt209	1	1	1	0	1	1
mPanTro3_numt210	1	1	1	0	1	1
mPanTro3_numt211	1	1	1	0	1	1
mPanTro3_numt212	1	1	1	0	1	1
mPanTro3_numt213	1	1	1	1	0	1
mPanTro3_numt215	1	1	1	0	0	0
mPanTro3_numt216	1	1	1	0	0	0
mPanTro3_numt217	1	1	1	0	0	0
mPanTro3_numt218	1	1	1	0	0	0
mPanTro3_numt219	1	1	1	1	1	1
mPanTro3_numt220	1	1	1	1	0	1
mPanTro3_numt221	1	1	1	1	1	1
mPanTro3_numt222	1	1	1	0	0	0
mPanTro3_numt223	1	1	1	1	1	1
mPanTro3_numt224	1	1	0	0	0	0
mPanTro3_numt225	1	1	1	1	0	0
mPanTro3_numt226	1	1	1	1	1	1
mPanTro3_numt227	0	1	0	0	0	0
mPanTro3_numt228	1	1	0	1	0	0
mPanTro3_numt229	1	1	1	1	1	1
mPanTro3_numt230	1	1	1	1	0	0
mPanTro3_numt231	1	1	0	0	0	0
mPanTro3_numt232	0	1	0	0	0	0
mPanTro3_numt233	0	1	0	0	0	0
mPanTro3_numt234	1	1	1	1	1	1
mPanTro3_numt235	1	1	0	1	1	1
mPanTro3_numt236	1	1	1	1	0	0
mPanTro3_numt237	1	1	1	1	1	1
mPanTro3_numt238	1	1	0	0	0	0
mPanTro3_numt239	1	1	1	1	1	1
mPanTro3_numt240	1	1	1	1	1	1
mPanTro3_numt241	1	1	1	1	1	1
mPanTro3_numt242	0	1	0	0	0	0
mPanTro3_numt243	1	1	1	1	1	1
mPanTro3_numt244	1	1	1	1	0	0
mPanTro3_numt245	1	1	1	1	1	1
mPanTro3_numt246	1	1	1	1	1	1
mPanTro3_numt248	1	1	1	0	0	0
mPanTro3_numt249	1	1	1	0	0	0
mPanTro3_numt251	0	1	1	1	0	0
mPanTro3_numt252	1	1	1	0	0	0
mPanTro3_numt253	1	1	0	0	1	1
mPanTro3_numt254	1	1	1	1	0	1
mPanTro3_numt255	1	1	1	1	1	1
mPanTro3_numt256	0	1	0	0	0	0
mPanTro3_numt257	0	1	0	0	0	0
mPanTro3_numt258	1	1	0	0	0	0
mPanTro3_numt259	1	1	0	0	0	0
mPanTro3_numt260	1	1	0	1	0	0
mPanTro3_numt261	1	1	0	1	0	0
mPanTro3_numt262	1	1	0	1	1	1
mPanTro3_numt263	1	1	0	1	0	1
mPanTro3_numt264	1	1	1	0	0	0
mPanTro3_numt265	1	1	1	0	1	1
mPanTro3_numt266	0	1	1	0	1	1
mPanTro3_numt267	0	1	1	0	1	1
mPanTro3_numt268	0	1	1	0	1	1
mPanTro3_numt269	0	1	1	0	1	1
mPanTro3_numt270	0	1	1	0	1	1
mPanTro3_numt271	0	1	1	0	1	1
mPanTro3_numt272	0	1	1	0	1	1
mPanTro3_numt273	1	1	0	0	0	0
mPanTro3_numt274	1	1	1	0	0	0
mPanTro3_numt275	1	1	1	0	0	0
mPanTro3_numt276	1	1	1	0	0	0
mPanTro3_numt277	1	1	1	0	1	1
mPanTro3_numt278	1	1	1	0	1	1
mPanTro3_numt279	1	1	0	1	1	1
mPanTro3_numt280	1	1	0	0	0	0
mPanTro3_numt281	1	1	0	0	1	1
mPanTro3_numt282	1	1	0	0	1	1
mPanTro3_numt283	1	1	0	0	1	1
mPanTro3_numt284	1	1	0	0	0	0
mPanTro3_numt285	0	1	0	0	0	0
mPanTro3_numt286	1	1	0	0	1	1
mPanTro3_numt287	1	1	0	0	1	1
mPanTro3_numt288	1	1	0	0	1	1
mPanTro3_numt289	1	1	0	1	1	1
mPanTro3_numt290	1	1	0	1	1	1
mPanTro3_numt291	0	1	0	0	0	0
mPanTro3_numt292	1	1	0	1	1	1
mPanTro3_numt293	1	1	0	1	1	1
mPanTro3_numt294	1	1	0	0	0	0
mPanTro3_numt295	1	1	0	1	1	1
mPanTro3_numt296	1	1	0	1	1	1
mPanTro3_numt297	1	1	0	1	1	1
mPanTro3_numt298	1	1	0	0	0	0
mPanTro3_numt299	1	1	1	1	0	0
mPanTro3_numt300	0	1	0	0	1	1
mPanTro3_numt301	1	1	0	1	1	1
mPanTro3_numt302	1	1	0	0	0	0
mPanTro3_numt303	1	1	0	1	1	1
mPanTro3_numt304	1	1	0	1	1	1
mPanTro3_numt305	1	1	0	1	1	1
mPanTro3_numt306	1	1	0	1	1	1
mPanTro3_numt307	1	1	0	1	1	1
mPanTro3_numt308	1	1	0	1	1	1
mPanTro3_numt309	1	1	0	1	1	1
mPanTro3_numt310	1	1	0	1	1	1
mPanTro3_numt311	1	1	0	1	1	1
mPanTro3_numt312	1	1	0	1	1	1
mPanTro3_numt313	1	1	0	1	1	1
mPanTro3_numt314	1	1	0	1	1	1
mPanTro3_numt315	1	1	0	1	1	1
mPanTro3_numt316	1	1	0	1	1	1
mPanTro3_numt317	0	1	0	0	0	0
mPanTro3_numt318	0	1	0	0	0	0
mPanTro3_numt319	1	1	0	0	0	0
mPanTro3_numt320	1	1	0	1	0	0
mPanTro3_numt321	1	1	0	1	1	1
mPanTro3_numt322	1	1	0	1	1	1
mPanTro3_numt323	1	1	0	1	0	0
mPanTro3_numt324	1	1	0	1	1	1
mPanTro3_numt325	1	1	0	1	0	0
mPanTro3_numt326	1	1	0	1	1	1
mPanTro3_numt327	1	1	1	1	1	1
mPanTro3_numt328	1	1	1	1	1	1
mPanTro3_numt329	1	1	1	0	0	0
mPanTro3_numt330	1	1	1	1	1	1
mPanTro3_numt331	1	1	1	1	1	1
mPanTro3_numt332	1	1	1	1	0	1
mPanTro3_numt334	1	1	0	0	0	0
mPanTro3_numt335	1	1	1	0	1	1
mPanTro3_numt336	1	1	1	1	1	1
mPanTro3_numt337	1	1	1	1	1	1
mPanTro3_numt338	1	1	1	1	1	1
mPanTro3_numt339	1	1	1	1	1	1
mPanTro3_numt340	1	1	1	1	0	0
mPanTro3_numt341	1	1	1	1	1	1
mPanTro3_numt342	1	1	1	1	1	1
mPanTro3_numt343	1	1	1	1	1	1
mPanTro3_numt345	0	1	1	0	0	0
mPanTro3_numt346	1	1	1	1	0	0
mPanTro3_numt347	1	1	1	1	0	0
mPanTro3_numt348	1	1	0	1	0	0
mPanTro3_numt349	1	1	1	1	0	0
mPanTro3_numt350	1	1	1	1	1	1
mPanTro3_numt351	0	1	0	0	0	0
mPanTro3_numt352	1	1	0	1	0	0
mPanTro3_numt353	1	1	1	1	0	0
mPanTro3_numt354	1	1	1	1	0	0
mPanTro3_numt355	1	1	1	1	0	0
mPanTro3_numt356	1	1	1	1	1	1
mPanTro3_numt357	1	1	1	1	1	1
mPanTro3_numt358	1	1	1	1	1	1
mPanTro3_numt359	1	1	1	1	1	1
mPanTro3_numt360	1	1	1	1	0	0
mPanTro3_numt361	1	1	1	1	0	0
mPanTro3_numt362	1	1	1	1	0	0
mPanTro3_numt363	1	1	1	0	0	0
mPanTro3_numt364	1	1	1	0	0	0
mPanTro3_numt365	1	1	1	0	0	0
mPanTro3_numt366	1	1	1	0	0	0
mPanTro3_numt367	1	1	1	0	0	0
mPanTro3_numt368	1	1	1	0	0	0
mPanTro3_numt370	0	1	0	0	0	0
mPanTro3_numt371	1	1	1	1	1	1
mPanTro3_numt372	1	1	1	1	1	1
mPanTro3_numt373	1	1	1	1	1	1
mPanTro3_numt374	1	1	1	1	1	1
mPanTro3_numt375	1	1	1	1	1	1
mPanTro3_numt376	1	1	1	0	0	0
mPanTro3_numt377	1	1	1	0	0	1
mPanTro3_numt378	1	1	1	0	0	0
mPanTro3_numt379	1	1	1	0	1	1
mPanTro3_numt380	1	1	1	1	1	1
mPanTro3_numt381	1	1	1	1	0	0
mPanTro3_numt382	0	1	1	1	1	0
mPanTro3_numt383	1	1	1	0	0	0
mPanTro3_numt384	1	1	1	0	0	0
mPanTro3_numt385	1	1	1	0	0	0
mPanTro3_numt387	1	1	1	1	0	0
mPanTro3_numt388	1	1	1	1	0	0
mPanTro3_numt389	1	1	1	1	0	0
mPanTro3_numt390	1	1	1	1	1	1
mPanTro3_numt391	0	1	0	0	0	0
mPanTro3_numt392	1	1	1	1	0	0
mPanTro3_numt393	1	1	1	1	1	1
mPanTro3_numt394	1	1	0	0	0	0
mPanTro3_numt395	1	1	0	0	0	0
mPanTro3_numt396	1	1	1	1	1	1
mPanTro3_numt397	0	1	0	0	0	0
mPanTro3_numt398	1	1	1	1	1	1
mPanTro3_numt399	1	1	1	1	0	0
mPanTro3_numt400	1	1	1	1	0	0
mPanTro3_numt401	0	1	0	0	0	0
mPanTro3_numt402	1	1	0	0	0	0
mPanTro3_numt403	1	1	1	1	0	0
mPanTro3_numt404	1	1	1	1	0	0
mPanTro3_numt405	1	1	1	1	0	0
mPanTro3_numt406	1	1	1	1	0	0
mPanTro3_numt407	0	1	0	0	0	0
mPanTro3_numt408	1	1	1	1	0	0
mPanTro3_numt409	1	1	1	1	0	0
mPanTro3_numt411	1	1	1	1	0	0
mPanTro3_numt412	0	1	0	0	0	0
mPanTro3_numt413	1	1	0	0	0	0
mPanTro3_numt414	1	1	1	1	1	0
mPanTro3_numt415	0	1	0	0	0	0
mPanTro3_numt416	1	1	1	1	0	0
mPanTro3_numt417	1	1	1	1	0	1
mPanTro3_numt418	1	1	1	1	0	0
mPanTro3_numt419	1	1	1	1	0	1
mPanTro3_numt420	1	1	1	1	0	1
mPanTro3_numt421	1	1	1	1	0	0
mPanTro3_numt422	1	1	1	1	0	0
mPanTro3_numt423	1	1	1	1	0	1
mPanTro3_numt424	1	1	1	1	0	0
mPanTro3_numt425	1	1	1	1	0	1
mPanTro3_numt426	1	1	1	1	0	1
mPanTro3_numt427	1	1	1	1	0	1
mPanTro3_numt428	1	1	0	0	0	0
mPanTro3_numt429	1	1	1	1	1	1
mPanTro3_numt430	1	1	0	0	0	0
mPanTro3_numt431	1	1	1	1	1	1
mPanTro3_numt432	1	1	1	1	1	1
mPanTro3_numt433	1	1	1	1	1	1
mPanTro3_numt434	1	1	0	0	0	0
mPanTro3_numt435	1	1	1	1	1	1
mPanTro3_numt436	1	1	1	1	1	1
mPanTro3_numt437	1	1	1	1	1	1
mPanTro3_numt438	1	1	1	1	1	1
mPanTro3_numt439	1	1	1	0	0	0
mPanTro3_numt440	1	1	1	1	1	1
mPanTro3_numt441	1	1	1	1	0	0
mPanTro3_numt442	1	1	1	0	0	0
mPanTro3_numt443	1	1	1	1	1	1
mPanTro3_numt444	1	1	1	1	1	1
mPanTro3_numt445	1	1	1	1	0	0
mPanTro3_numt446	1	1	1	0	1	1
mPanTro3_numt447	0	1	0	0	0	0
mPanTro3_numt448	0	1	0	0	0	0
mPanTro3_numt449	0	1	0	0	0	0
mPanTro3_numt450	0	1	0	0	0	0
mPanTro3_numt451	1	1	1	0	0	0
mPanTro3_numt452	1	1	1	1	1	1
mPanTro3_numt453	1	1	1	1	0	0
mPanTro3_numt454	1	1	1	1	0	0
mPanTro3_numt455	1	1	1	1	1	1
mPanTro3_numt456	1	1	1	1	0	0
mPanTro3_numt457	1	1	1	1	0	0
mPanTro3_numt458	1	1	0	0	0	0
mPanTro3_numt459	1	1	0	1	0	0
mPanTro3_numt460	1	1	0	1	1	1
mPanTro3_numt461	1	1	0	1	1	1
mPanTro3_numt462	1	1	0	1	1	1
mPanTro3_numt463	1	1	0	1	1	1
mPanTro3_numt464	1	1	0	1	0	0
mPanTro3_numt465	1	1	0	1	0	0
mPanTro3_numt466	1	1	0	1	1	1
mPanTro3_numt467	0	1	0	0	0	0
mPanTro3_numt468	1	1	1	1	1	1
mPanTro3_numt469	1	1	1	1	1	1
mPanTro3_numt470	1	1	1	1	1	1
mPanTro3_numt471	1	1	1	1	1	1
mPanTro3_numt473	1	1	1	1	1	0
mPanTro3_numt474	1	1	1	1	1	1
mPanTro3_numt475	1	1	1	1	1	1
mPanTro3_numt476	0	1	0	0	0	0
mPanTro3_numt477	1	1	1	1	0	0
mPanTro3_numt478	1	1	1	1	1	1
mPanTro3_numt479	1	1	0	0	0	0
mPanTro3_numt480	1	1	0	1	0	0
mPanTro3_numt481	1	1	1	1	1	1
mPanTro3_numt482	1	1	0	0	0	0
mPanTro3_numt483	1	1	1	1	1	1
mPanTro3_numt484	0	1	0	0	0	0
mPanTro3_numt485	1	1	1	0	0	0
mPanTro3_numt486	1	1	1	0	1	1
mPanTro3_numt487	1	1	1	0	1	1
mPanTro3_numt488	1	1	0	0	0	0
mPanTro3_numt489	1	1	1	0	1	0
mPanTro3_numt490	1	1	1	0	1	1
mPanTro3_numt491	1	1	1	0	1	1
mPanTro3_numt492	1	1	1	0	1	1
mPanTro3_numt493	1	1	1	0	1	1
mPanTro3_numt494	1	1	0	0	0	0
mPanTro3_numt495	1	1	0	0	0	0
mPanTro3_numt496	1	1	0	0	0	0
mPanTro3_numt497	1	1	0	0	0	0
mPanTro3_numt498	1	1	0	0	0	0
mPanTro3_numt499	0	1	0	0	0	0
mPanTro3_numt500	1	1	0	1	0	0
mPanTro3_numt501	1	1	0	1	0	0
mPanTro3_numt502	1	1	0	1	0	0
mPanTro3_numt503	1	1	0	0	0	0
mPanTro3_numt504	1	1	0	0	0	0
mPanTro3_numt505	1	1	0	0	0	0
mPanTro3_numt506	0	1	0	0	0	0
mPanTro3_numt507	0	1	0	0	0	0
mPanTro3_numt508	1	1	1	1	1	1
mPanTro3_numt509	1	1	1	1	1	1
mPanTro3_numt510	1	1	1	1	1	1
mPanTro3_numt512	0	1	0	0	0	0
mPanTro3_numt513	1	1	1	1	0	0
mPanTro3_numt514	0	1	0	0	0	0
mPanTro3_numt515	1	1	1	1	1	1
mPanTro3_numt517	1	1	1	1	1	1
mPanTro3_numt518	1	1	0	0	0	0
mPanTro3_numt519	1	1	1	1	1	1
mPanTro3_numt520	1	1	1	1	1	1
mPanTro3_numt521	1	1	0	0	0	0
mPanTro3_numt522	0	1	0	0	0	0
mPanTro3_numt523	1	1	1	1	1	1
mPanTro3_numt525	0	1	1	0	0	0
mPanTro3_numt527	1	1	1	1	0	0
mPanTro3_numt528	1	1	0	0	0	0
mPanTro3_numt529	1	1	0	0	0	0
mPanTro3_numt530	0	1	0	0	0	0
mPanTro3_numt531	0	1	0	0	0	0
mPanTro3_numt532	1	1	1	1	0	0
mPanTro3_numt533	0	1	0	0	0	0
mPanTro3_numt534	1	1	1	1	1	1
mPanTro3_numt535	1	1	1	1	1	1
mPanTro3_numt536	1	1	1	1	1	1
mPanTro3_numt537	1	1	1	1	1	1
mPanTro3_numt538	1	1	0	0	0	0
mPanTro3_numt539	1	1	1	1	0	0
mPanTro3_numt540	1	1	1	1	1	1
mPanTro3_numt541	1	1	1	1	1	1
mPanTro3_numt544	1	1	1	1	1	1
mPanTro3_numt545	1	1	1	1	1	1
mPanTro3_numt546	1	1	1	1	1	1
mPanTro3_numt547	1	1	1	1	0	0
mPanTro3_numt548	1	1	1	1	1	1
mPanTro3_numt549	1	1	1	1	0	0
mPanTro3_numt551	1	1	1	1	1	1
mPanTro3_numt552	1	1	0	0	0	0
mPanTro3_numt553	1	1	1	1	0	0
mPanTro3_numt554	1	1	1	1	0	0
mPanTro3_numt555	0	1	0	0	0	0
mPanTro3_numt556	0	1	0	0	0	0
mPanTro3_numt557	1	1	1	1	1	1
mPanTro3_numt558	1	1	1	1	0	0
mPanTro3_numt559	1	1	1	1	0	0
mPanTro3_numt560	0	1	0	0	0	0
mPanTro3_numt561	0	1	0	0	0	0
mPanTro3_numt562	1	1	1	1	0	0
mPanTro3_numt563	1	1	1	0	0	0
mPanTro3_numt564	1	1	1	1	0	0
mPanTro3_numt565	1	1	1	1	0	0
mPanTro3_numt566	1	1	1	1	0	0
mPanTro3_numt567	1	1	1	1	0	0
mPanTro3_numt568	1	1	0	0	0	0
mPanTro3_numt569	1	1	1	1	1	1
mPanTro3_numt570	1	1	1	1	0	0
mPanTro3_numt571	1	1	1	1	1	1
mPanTro3_numt572	1	1	1	1	0	0
mPanTro3_numt573	1	1	1	1	0	0
mPanTro3_numt575	0	1	1	1	1	1
mPanTro3_numt576	0	1	1	1	0	0
mPanTro3_numt577	0	1	1	1	0	0
mPanTro3_numt578	0	1	1	1	1	1
mPanTro3_numt579	0	1	1	1	1	1
mPanTro3_numt580	0	1	1	1	1	1
mPanTro3_numt581	0	1	1	1	0	0
mPanTro3_numt582	0	1	1	1	0	0
mPanTro3_numt583	0	1	1	1	0	0
mPanTro3_numt584	0	1	1	1	0	0
mPanTro3_numt585	1	1	0	0	0	0
mPanTro3_numt586	0	1	1	0	0	0
mPanTro3_numt587	1	1	1	1	1	1
mPanTro3_numt588	1	1	1	1	1	1
mPanTro3_numt589	1	1	1	1	1	1
mPanTro3_numt590	1	1	1	1	1	1
mPanTro3_numt591	1	1	1	1	1	1
mPanTro3_numt592	1	1	1	1	1	1
mPanTro3_numt593	1	1	1	1	1	1
mPanTro3_numt594	1	1	1	1	1	1
mPanTro3_numt595	1	1	1	1	0	0
mPanTro3_numt596	1	1	1	1	0	0
mPanTro3_numt597	1	1	1	1	1	1
mPanTro3_numt598	1	1	1	1	1	1
mPanTro3_numt599	1	1	1	1	1	1
mPanTro3_numt600	1	1	1	1	0	0
mPanTro3_numt601	1	1	1	1	1	1
mPanTro3_numt602	1	1	1	1	0	0
mPanTro3_numt603	1	1	0	0	0	0
mPanTro3_numt604	1	1	1	0	0	0
mPanTro3_numt605	1	1	1	1	0	0
mPanTro3_numt606	1	1	0	0	0	0
mPanTro3_numt607	1	1	0	1	0	0
mPanTro3_numt608	1	1	1	1	0	0
mPanTro3_numt609	1	1	1	1	1	1
mPanTro3_numt610	1	1	1	1	0	0
mPanTro3_numt611	1	1	1	1	1	1
mPanTro3_numt612	1	1	1	0	1	1
mPanTro3_numt613	1	1	1	0	1	1
mPanTro3_numt614	1	1	1	0	0	0
mPanTro3_numt615	1	1	1	0	1	1
mPanTro3_numt616	0	1	0	0	0	0
mPanTro3_numt617	1	1	1	0	1	1
mPanTro3_numt618	1	1	1	0	1	1
mPanTro3_numt620	1	1	1	0	0	1
mPanTro3_numt621	1	1	0	0	0	0
mPanTro3_numt622	1	1	1	0	1	1
mPanTro3_numt623	1	1	1	0	0	0
mPanTro3_numt624	1	1	1	0	0	0
mPanTro3_numt625	1	1	1	0	1	1
mPanTro3_numt626	1	1	1	0	1	0
mPanTro3_numt627	1	1	1	0	1	1
mPanTro3_numt628	1	1	1	0	1	1
mPanTro3_numt629	1	1	0	0	0	0
mPanTro3_numt630	1	1	1	0	1	1
mPanTro3_numt631	1	1	1	0	1	1
mPanTro3_numt632	1	1	1	0	1	1
mPanTro3_numt633	1	1	1	0	1	1
mPanTro3_numt634	1	1	1	0	1	1
mPanTro3_numt635	1	1	1	0	1	1
mPanTro3_numt636	1	1	1	0	0	0
mPanTro3_numt637	1	1	1	0	0	0
mPanTro3_numt638	1	1	0	0	0	0
mPanTro3_numt639	1	1	1	1	1	1
mPanTro3_numt640	1	1	1	1	1	1
mPanTro3_numt641	1	1	1	1	1	1
mPanTro3_numt642	1	1	1	1	1	1
mPanTro3_numt643	1	1	1	1	1	1
mPanTro3_numt644	1	1	1	1	1	1
mPanTro3_numt645	1	1	1	1	1	1
mPanTro3_numt646	1	1	1	1	0	1
mPanTro3_numt647	1	1	0	1	1	1
mPanTro3_numt648	1	1	1	1	1	1
mPanTro3_numt649	1	1	1	1	1	1
mPanTro3_numt650	1	1	1	1	1	1
mPanTro3_numt651	1	1	1	1	1	1
mPanTro3_numt652	0	1	1	1	1	1
mPanTro3_numt653	1	1	1	1	1	1
mPanTro3_numt654	1	1	0	1	1	1
mPanTro3_numt655	0	1	0	0	0	0
mPanTro3_numt656	1	1	1	1	1	1
mPanTro3_numt657	1	1	1	1	1	1
mPanTro3_numt658	0	1	0	0	0	0
mPanTro3_numt659	0	1	1	1	1	1
mPanTro3_numt660	1	1	1	1	1	0
mPanTro3_numt661	1	1	1	1	1	1
mPanTro3_numt662	1	1	1	1	1	1
mPanTro3_numt663	1	1	1	1	1	1
mPanTro3_numt664	1	1	1	1	1	1
mPanTro3_numt665	1	1	1	1	1	1
mPanTro3_numt666	1	1	1	1	1	1
mPanTro3_numt667	1	1	0	1	1	1
mPanTro3_numt668	1	1	1	1	1	1
mPanTro3_numt669	1	1	1	0	0	0
mPanTro3_numt670	1	1	0	0	1	0
mPanTro3_numt671	1	1	1	0	1	1
mPanTro3_numt672	1	1	1	0	0	1
mPanTro3_numt673	1	1	1	0	0	0
mPanTro3_numt674	1	1	1	1	0	0
mPanTro3_numt675	1	1	1	1	0	0
mPanTro3_numt676	1	1	1	0	1	1
mPanTro3_numt677	1	1	0	0	0	0
mPanTro3_numt678	1	1	1	0	0	0
mPanTro3_numt679	1	1	1	0	0	0
mPanTro3_numt680	1	1	1	0	0	0
mPanTro3_numt681	1	1	1	0	0	0
mPanTro3_numt682	1	1	1	0	0	0
mPanTro3_numt683	1	1	1	0	0	0
mPanTro3_numt684	1	1	1	1	0	0
mPanTro3_numt685	0	1	0	0	0	0
mPanTro3_numt686	1	1	1	1	1	1
mPanTro3_numt687	1	1	1	1	1	1
mPanTro3_numt688	1	1	1	1	0	0
mPanTro3_numt689	1	1	1	0	0	1
mPanTro3_numt690	1	1	1	1	1	1
mPanTro3_numt691	1	1	1	1	0	0
mPanTro3_numt692	0	1	1	1	0	0
mPanTro3_numt693	1	1	1	1	0	0
mPanTro3_numt694	1	1	1	1	1	1
mPanTro3_numt695	1	1	1	1	1	1
mPanTro3_numt696	1	1	1	1	0	0
mPanTro3_numt697	1	1	1	1	0	0
mPanTro3_numt698	1	1	1	1	0	0
mPanTro3_numt699	1	1	1	1	0	0
mPanTro3_numt700	1	1	1	1	0	0
mPanTro3_numt701	1	1	1	1	0	0
mPanTro3_numt702	1	1	1	1	0	0
mPanTro3_numt703	0	1	0	0	0	0
mPanTro3_numt704	1	1	1	1	0	0
mPanTro3_numt705	1	1	1	1	0	0
mPanTro3_numt706	1	1	1	1	0	0
mPanTro3_numt707	1	1	1	1	0	0
mPanTro3_numt708	1	1	1	1	1	1
mPanTro3_numt709	1	1	1	1	1	1
mPanTro3_numt710	1	1	1	1	1	1
mPanTro3_numt711	1	1	1	1	1	1
mPanTro3_numt712	1	1	1	1	1	1
mPanTro3_numt713	1	1	1	1	0	0
mPanTro3_numt714	1	1	1	1	1	1
mPanTro3_numt715	1	1	0	0	0	0
mPanTro3_numt716	1	1	0	0	0	0
mPanTro3_numt717	1	1	0	0	0	0
mPanTro3_numt718	0	1	0	1	0	0
mPanTro3_numt719	1	1	0	0	0	0
mPanTro3_numt720	0	1	0	0	0	0
mPanTro3_numt721	0	1	0	0	0	0
mPanTro3_numt722	0	1	0	0	0	0
mPanTro3_numt723	1	1	1	1	1	1
mPanTro3_numt724	1	1	1	1	1	1
mPanTro3_numt725	1	1	1	1	1	1
mPanTro3_numt726	0	1	1	1	0	0
mPanTro3_numt727	1	1	1	1	1	1
mPanTro3_numt728	1	1	1	0	1	1
mPanTro3_numt729	1	1	1	1	1	1
mPanTro3_numt730	1	1	1	1	1	1
mPanTro3_numt731	1	1	1	1	1	1
mPanTro3_numt732	1	1	1	1	1	0
mPanTro3_numt733	1	1	1	1	1	1
mPanTro3_numt734	1	1	1	1	1	1
mPanTro3_numt735	1	1	1	1	1	1
mPanTro3_numt736	1	1	1	1	1	1
mPanTro3_numt737	1	1	1	1	1	1
mPanTro3_numt738	1	1	0	1	1	1
mPanTro3_numt739	1	1	1	1	1	1
mPanTro3_numt740	1	1	1	1	0	0
mPanTro3_numt741	0	1	1	1	0	0
mPanTro3_numt742	1	1	1	1	0	0
mPanTro3_numt743	1	1	1	1	1	1
mPanTro3_numt744	1	1	1	1	1	1
mPanTro3_numt745	1	1	1	1	1	1
mPanTro3_numt746	1	1	1	1	1	1
mPanTro3_numt747	1	1	1	1	1	1
mPanTro3_numt748	1	1	1	1	0	0
mPanTro3_numt749	1	1	1	1	0	0
mPanTro3_numt750	1	1	1	1	1	1
mPanTro3_numt751	1	1	1	1	1	1
mPanTro3_numt752	1	1	1	1	1	1
mPanTro3_numt753	1	1	1	1	1	1
mPanTro3_numt754	1	1	1	1	1	1
mPanTro3_numt755	1	1	1	1	1	1
mPanTro3_numt756	1	1	1	1	1	1
mPanTro3_numt757	1	1	1	1	1	1
mPanTro3_numt758	1	1	1	1	1	1
mPanTro3_numt759	1	1	1	1	1	1
mPanTro3_numt760	1	1	1	1	1	1
mPanTro3_numt761	1	1	1	1	1	1
mPanTro3_numt762	1	1	1	1	0	0
mPanTro3_numt763	1	1	1	1	1	0
mPanTro3_numt764	1	1	1	1	1	1
mPanTro3_numt765	1	1	1	1	1	1
mPanTro3_numt766	1	1	1	1	1	1
mPanTro3_numt767	1	1	1	1	1	1
mPanTro3_numt768	1	1	1	1	1	1
mPanTro3_numt769	1	1	0	0	0	1
mPanTro3_numt770	1	1	1	1	1	1
mPanTro3_numt771	1	1	1	1	1	1
mPanTro3_numt772	1	1	1	1	0	0
mPanTro3_numt773	1	1	1	1	1	0
mPanTro3_numt774	1	1	1	1	1	1
mPanTro3_numt775	1	1	1	1	1	1
mPanTro3_numt776	1	1	1	1	1	1
mPanTro3_numt777	1	1	1	1	1	1
mPanTro3_numt778	1	1	1	1	1	1
mPanTro3_numt779	0	1	1	0	0	0
mPanTro3_numt780	1	1	0	0	0	0
mPanTro3_numt781	1	1	0	0	0	0
mPanTro3_numt782	1	1	0	0	0	0
mPanTro3_numt783	1	1	0	0	0	0
mPanTro3_numt784	1	1	0	0	0	0
mPanTro3_numt785	1	1	0	0	0	0
mPanTro3_numt786	1	1	0	0	0	0
mPanTro3_numt787	1	1	0	0	0	0
mPanTro3_numt788	1	1	0	0	0	0
mPanTro3_numt789	1	1	0	0	0	0
mPanTro3_numt790	1	1	0	0	0	0
mPanTro3_numt791	1	1	0	0	0	0
mPanTro3_numt792	1	1	0	0	0	0
mPanTro3_numt793	1	1	0	0	0	0
mPanTro3_numt794	1	1	0	0	0	0
mPanTro3_numt795	1	1	0	0	0	0
mPanTro3_numt796	1	1	0	0	0	0
mPanTro3_numt797	1	1	0	0	0	0
mPanTro3_numt798	1	1	0	0	0	0
mPanTro3_numt799	1	1	0	0	0	0
mPanTro3_numt800	1	1	0	0	0	0
mPanTro3_numt801	1	1	0	0	0	0
mPanTro3_numt802	1	1	0	0	0	0
mPanTro3_numt803	1	1	0	0	0	0
mPanTro3_numt804	1	1	0	0	0	0
mPanTro3_numt805	1	1	0	0	0	0
mPanTro3_numt806	1	1	0	0	0	0
mPanTro3_numt807	1	1	0	0	0	0
mPanTro3_numt808	1	1	0	0	0	0
mPanTro3_numt809	1	1	0	0	0	0
mPanTro3_numt810	1	1	0	0	0	0
mPanTro3_numt811	1	1	0	0	0	0
mPanTro3_numt812	1	1	0	0	0	0
mPanTro3_numt813	1	1	0	0	0	0
mPanTro3_numt814	1	1	0	0	0	0
mPanTro3_numt815	1	1	0	0	0	0
mPanTro3_numt816	1	1	0	0	0	0
mPanTro3_numt817	1	1	0	0	0	0
mPanTro3_numt818	1	1	0	0	0	0
mPanTro3_numt819	1	1	0	0	0	0
mPanTro3_numt820	1	1	0	0	0	0
mPanTro3_numt821	1	1	0	0	0	0
mPanTro3_numt822	1	1	0	0	0	0
mPonAbe1_numt1	1	1	1	1	1	1
mPonAbe1_numt2	1	1	1	1	1	1
mPonAbe1_numt3	0	0	0	0	1	1
mPonAbe1_numt4	0	0	0	0	1	1
mPonAbe1_numt5	0	0	0	0	1	1
mPonAbe1_numt6	0	0	0	0	1	1
mPonAbe1_numt7	0	0	1	0	1	1
mPonAbe1_numt8	0	0	1	0	1	1
mPonAbe1_numt9	0	0	1	0	1	1
mPonAbe1_numt10	0	0	1	0	1	1
mPonAbe1_numt11	0	0	1	0	1	1
mPonAbe1_numt12	0	0	0	0	1	1
mPonAbe1_numt13	0	0	0	0	1	1
mPonAbe1_numt14	0	0	0	0	1	1
mPonAbe1_numt16	0	0	0	0	1	0
mPonAbe1_numt17	0	0	0	0	1	1
mPonAbe1_numt18	1	1	1	1	1	1
mPonAbe1_numt19	0	0	0	0	1	1
mPonAbe1_numt20	0	0	0	0	1	1
mPonAbe1_numt21	0	0	1	0	1	1
mPonAbe1_numt22	0	0	0	0	1	0
mPonAbe1_numt23	0	0	0	0	1	0
mPonAbe1_numt24	1	0	0	0	1	1
mPonAbe1_numt25	1	0	0	0	1	1
mPonAbe1_numt26	1	0	0	0	1	1
mPonAbe1_numt27	1	0	0	0	1	1
mPonAbe1_numt28	0	0	0	0	1	1
mPonAbe1_numt29	0	0	0	0	1	1
mPonAbe1_numt30	0	0	0	0	1	1
mPonAbe1_numt31	0	0	0	0	1	1
mPonAbe1_numt32	0	0	0	0	1	1
mPonAbe1_numt33	0	0	0	0	1	1
mPonAbe1_numt34	0	0	0	0	1	1
mPonAbe1_numt35	0	0	0	0	1	1
mPonAbe1_numt36	0	0	0	1	1	1
mPonAbe1_numt37	0	0	0	0	1	1
mPonAbe1_numt38	0	1	1	1	1	1
mPonAbe1_numt39	0	0	0	0	1	1
mPonAbe1_numt40	0	0	0	0	1	1
mPonAbe1_numt41	0	0	0	0	1	1
mPonAbe1_numt42	0	0	0	0	1	1
mPonAbe1_numt43	0	0	0	0	1	1
mPonAbe1_numt44	0	1	1	1	1	1
mPonAbe1_numt45	0	1	1	1	1	1
mPonAbe1_numt46	0	1	1	1	1	1
mPonAbe1_numt48	0	1	1	1	1	1
mPonAbe1_numt49	0	1	1	1	1	1
mPonAbe1_numt50	0	0	0	0	1	1
mPonAbe1_numt51	0	0	0	0	1	1
mPonAbe1_numt52	0	0	0	0	1	1
mPonAbe1_numt53	0	0	0	0	1	1
mPonAbe1_numt54	1	1	1	1	1	1
mPonAbe1_numt55	0	0	0	0	1	0
mPonAbe1_numt56	1	1	1	1	1	1
mPonAbe1_numt57	1	1	1	1	1	1
mPonAbe1_numt58	1	1	1	1	1	1
mPonAbe1_numt59	0	0	0	0	1	0
mPonAbe1_numt60	1	0	1	1	1	1
mPonAbe1_numt61	1	1	1	1	1	1
mPonAbe1_numt62	1	1	1	1	1	1
mPonAbe1_numt63	1	1	1	1	1	1
mPonAbe1_numt64	1	1	1	1	1	1
mPonAbe1_numt66	0	0	0	0	1	1
mPonAbe1_numt67	1	1	1	1	1	1
mPonAbe1_numt68	1	1	1	1	1	1
mPonAbe1_numt69	1	1	1	1	1	1
mPonAbe1_numt70	1	1	1	1	1	1
mPonAbe1_numt71	0	0	0	0	1	1
mPonAbe1_numt72	1	1	1	1	1	1
mPonAbe1_numt73	1	1	1	1	1	1
mPonAbe1_numt74	0	0	0	0	1	1
mPonAbe1_numt75	1	1	1	1	1	1
mPonAbe1_numt76	1	1	1	1	1	1
mPonAbe1_numt77	1	1	1	1	1	1
mPonAbe1_numt78	0	0	0	0	1	1
mPonAbe1_numt79	1	1	0	1	1	1
mPonAbe1_numt80	0	0	0	1	1	1
mPonAbe1_numt81	0	0	0	0	1	1
mPonAbe1_numt82	0	0	0	0	1	1
mPonAbe1_numt83	0	0	0	0	1	1
mPonAbe1_numt84	0	0	0	0	1	0
mPonAbe1_numt85	0	0	0	0	1	0
mPonAbe1_numt86	0	0	1	1	1	1
mPonAbe1_numt87	0	0	1	1	1	1
mPonAbe1_numt88	0	0	0	0	1	1
mPonAbe1_numt89	1	1	0	1	1	0
mPonAbe1_numt90	0	0	0	0	1	1
mPonAbe1_numt91	0	0	0	1	1	1
mPonAbe1_numt92	1	1	0	1	1	1
mPonAbe1_numt93	0	0	0	0	1	1
mPonAbe1_numt94	1	1	0	1	1	1
mPonAbe1_numt95	0	0	0	0	1	1
mPonAbe1_numt96	1	1	0	1	1	1
mPonAbe1_numt97	1	1	0	1	1	1
mPonAbe1_numt98	1	1	0	1	1	1
mPonAbe1_numt100	0	0	0	0	1	1
mPonAbe1_numt101	0	0	0	0	1	1
mPonAbe1_numt102	0	0	0	1	1	1
mPonAbe1_numt103	0	0	0	0	1	0
mPonAbe1_numt104	0	0	0	0	1	1
mPonAbe1_numt105	1	1	0	1	1	1
mPonAbe1_numt106	1	1	0	1	1	1
mPonAbe1_numt107	1	1	0	1	1	1
mPonAbe1_numt108	0	0	0	0	1	1
mPonAbe1_numt109	0	0	0	0	1	1
mPonAbe1_numt110	0	1	0	1	1	1
mPonAbe1_numt111	1	1	0	1	1	1
mPonAbe1_numt112	1	1	0	1	1	1
mPonAbe1_numt113	1	1	0	1	1	1
mPonAbe1_numt114	1	1	0	1	1	1
mPonAbe1_numt115	1	1	0	1	1	1
mPonAbe1_numt116	1	1	0	1	1	1
mPonAbe1_numt117	1	1	0	1	1	1
mPonAbe1_numt118	1	1	0	1	1	1
mPonAbe1_numt119	1	1	0	1	1	1
mPonAbe1_numt121	1	1	1	1	1	1
mPonAbe1_numt122	1	1	1	1	1	1
mPonAbe1_numt123	1	1	1	1	1	1
mPonAbe1_numt124	1	1	1	1	1	1
mPonAbe1_numt125	1	1	1	1	1	1
mPonAbe1_numt126	1	1	1	1	1	1
mPonAbe1_numt127	1	1	0	0	1	1
mPonAbe1_numt128	1	1	0	0	1	1
mPonAbe1_numt129	1	1	0	0	1	1
mPonAbe1_numt130	1	1	0	0	1	1
mPonAbe1_numt131	0	0	1	1	1	1
mPonAbe1_numt132	0	0	1	1	1	1
mPonAbe1_numt133	0	0	1	1	1	1
mPonAbe1_numt134	0	0	1	1	1	1
mPonAbe1_numt135	0	0	1	1	1	1
mPonAbe1_numt136	0	0	0	0	1	1
mPonAbe1_numt137	0	0	1	1	1	1
mPonAbe1_numt138	0	0	1	0	1	1
mPonAbe1_numt139	1	1	1	1	1	1
mPonAbe1_numt140	1	1	1	1	1	1
mPonAbe1_numt141	1	1	1	1	1	1
mPonAbe1_numt142	1	1	1	1	1	1
mPonAbe1_numt143	1	1	1	1	1	1
mPonAbe1_numt144	1	1	1	1	1	1
mPonAbe1_numt145	1	1	1	1	1	1
mPonAbe1_numt146	1	1	1	1	1	1
mPonAbe1_numt147	0	0	0	0	1	0
mPonAbe1_numt148	0	0	0	0	1	1
mPonAbe1_numt149	0	0	0	0	1	1
mPonAbe1_numt150	0	0	0	0	1	1
mPonAbe1_numt151	1	1	0	1	1	1
mPonAbe1_numt152	0	0	0	0	1	1
mPonAbe1_numt153	1	1	1	1	1	1
mPonAbe1_numt154	0	0	0	0	1	1
mPonAbe1_numt155	0	0	0	0	1	1
mPonAbe1_numt156	1	1	1	1	1	1
mPonAbe1_numt157	1	1	0	1	1	1
mPonAbe1_numt158	1	1	1	1	1	1
mPonAbe1_numt159	1	1	1	1	1	1
mPonAbe1_numt160	1	1	1	1	1	1
mPonAbe1_numt161	1	1	1	1	1	1
mPonAbe1_numt162	1	0	1	0	1	1
mPonAbe1_numt163	0	0	0	0	1	1
mPonAbe1_numt164	0	0	0	0	1	1
mPonAbe1_numt165	1	1	1	1	1	1
mPonAbe1_numt166	1	1	1	1	1	1
mPonAbe1_numt167	1	1	1	0	1	1
mPonAbe1_numt168	1	1	1	0	1	1
mPonAbe1_numt169	1	1	1	0	1	1
mPonAbe1_numt170	0	0	0	0	1	1
mPonAbe1_numt171	0	0	0	0	1	1
mPonAbe1_numt172	0	0	0	0	1	1
mPonAbe1_numt173	0	0	0	0	1	1
mPonAbe1_numt174	1	1	1	1	1	1
mPonAbe1_numt175	0	0	0	0	1	1
mPonAbe1_numt176	0	0	0	0	1	1
mPonAbe1_numt177	0	0	0	0	1	1
mPonAbe1_numt178	0	0	0	0	1	1
mPonAbe1_numt179	0	0	0	0	1	1
mPonAbe1_numt180	0	0	0	1	1	1
mPonAbe1_numt181	0	0	0	0	1	1
mPonAbe1_numt182	0	0	0	0	1	1
mPonAbe1_numt183	0	0	0	0	1	1
mPonAbe1_numt184	0	0	0	0	1	1
mPonAbe1_numt185	0	0	0	0	1	1
mPonAbe1_numt186	1	0	0	1	1	1
mPonAbe1_numt187	1	1	1	1	1	1
mPonAbe1_numt188	0	0	1	1	1	1
mPonAbe1_numt189	1	1	1	1	1	1
mPonAbe1_numt190	1	1	1	1	1	1
mPonAbe1_numt191	1	1	1	1	1	1
mPonAbe1_numt192	0	0	0	0	1	1
mPonAbe1_numt193	0	0	0	0	1	1
mPonAbe1_numt194	1	0	0	1	1	1
mPonAbe1_numt195	1	1	1	1	1	1
mPonAbe1_numt196	0	0	0	0	1	1
mPonAbe1_numt197	0	0	0	0	1	1
mPonAbe1_numt198	0	0	0	0	1	1
mPonAbe1_numt199	0	0	0	0	1	1
mPonAbe1_numt200	1	1	1	1	1	1
mPonAbe1_numt201	1	1	0	1	1	1
mPonAbe1_numt202	0	0	0	0	1	1
mPonAbe1_numt203	1	1	1	1	1	1
mPonAbe1_numt204	1	1	1	1	1	1
mPonAbe1_numt205	1	1	1	1	1	1
mPonAbe1_numt206	1	1	1	1	1	1
mPonAbe1_numt207	0	0	0	0	1	1
mPonAbe1_numt208	0	0	0	0	1	1
mPonAbe1_numt209	1	1	1	1	1	1
mPonAbe1_numt210	1	1	1	1	1	1
mPonAbe1_numt211	0	0	0	0	1	1
mPonAbe1_numt212	0	0	0	0	1	1
mPonAbe1_numt214	0	0	0	1	1	1
mPonAbe1_numt215	0	0	0	0	1	1
mPonAbe1_numt216	0	0	0	0	1	1
mPonAbe1_numt217	0	0	0	0	1	1
mPonAbe1_numt218	0	0	0	0	1	0
mPonAbe1_numt219	0	0	0	0	1	1
mPonAbe1_numt221	0	0	0	0	1	1
mPonAbe1_numt222	1	0	1	1	1	1
mPonAbe1_numt223	1	0	1	1	1	1
mPonAbe1_numt224	1	1	0	0	1	1
mPonAbe1_numt225	1	1	1	0	1	1
mPonAbe1_numt226	1	1	1	0	1	1
mPonAbe1_numt227	0	1	1	1	1	1
mPonAbe1_numt228	1	1	1	0	1	1
mPonAbe1_numt229	0	1	1	0	1	1
mPonAbe1_numt230	0	1	1	0	1	1
mPonAbe1_numt231	0	1	1	0	1	1
mPonAbe1_numt232	0	1	1	0	1	1
mPonAbe1_numt233	0	1	1	0	1	1
mPonAbe1_numt234	0	1	1	0	1	1
mPonAbe1_numt235	0	1	1	0	1	1
mPonAbe1_numt236	0	0	0	0	1	1
mPonAbe1_numt237	0	0	0	0	1	1
mPonAbe1_numt238	1	1	0	1	1	1
mPonAbe1_numt239	0	0	0	0	1	1
mPonAbe1_numt240	0	0	0	0	1	1
mPonAbe1_numt241	0	0	0	0	1	1
mPonAbe1_numt242	0	0	0	0	1	1
mPonAbe1_numt243	0	0	1	0	1	1
mPonAbe1_numt244	0	0	0	0	1	1
mPonAbe1_numt245	0	0	1	1	1	1
mPonAbe1_numt246	0	0	0	0	1	1
mPonAbe1_numt247	0	0	0	0	1	1
mPonAbe1_numt248	1	1	0	1	1	1
mPonAbe1_numt249	0	0	0	0	1	1
mPonAbe1_numt250	0	0	0	0	1	1
mPonAbe1_numt251	0	0	0	0	1	1
mPonAbe1_numt252	0	0	0	0	1	1
mPonAbe1_numt253	0	0	1	0	1	1
mPonAbe1_numt254	0	0	1	1	1	1
mPonAbe1_numt255	0	0	1	1	1	1
mPonAbe1_numt256	0	0	1	0	1	1
mPonAbe1_numt257	0	0	1	0	1	1
mPonAbe1_numt258	0	0	0	1	1	1
mPonAbe1_numt259	1	1	1	0	1	1
mPonAbe1_numt260	1	1	1	0	1	1
mPonAbe1_numt261	1	1	1	0	1	1
mPonAbe1_numt262	1	1	0	1	1	1
mPonAbe1_numt263	1	1	0	0	1	1
mPonAbe1_numt264	1	1	0	0	1	1
mPonAbe1_numt265	1	1	0	0	1	1
mPonAbe1_numt266	1	1	0	0	1	1
mPonAbe1_numt267	0	0	0	0	1	1
mPonAbe1_numt268	1	1	0	0	1	1
mPonAbe1_numt269	1	1	0	1	1	1
mPonAbe1_numt270	0	1	0	1	1	1
mPonAbe1_numt271	0	0	0	0	1	1
mPonAbe1_numt272	1	1	0	1	1	1
mPonAbe1_numt273	1	1	0	1	1	1
mPonAbe1_numt274	1	1	0	1	1	1
mPonAbe1_numt275	0	0	0	0	1	1
mPonAbe1_numt276	0	0	0	0	1	0
mPonAbe1_numt277	1	0	0	1	1	1
mPonAbe1_numt278	0	0	0	0	1	1
mPonAbe1_numt279	1	1	0	1	1	1
mPonAbe1_numt280	1	1	0	1	1	1
mPonAbe1_numt281	1	1	0	1	1	1
mPonAbe1_numt282	1	1	0	1	1	1
mPonAbe1_numt283	1	1	0	1	1	1
mPonAbe1_numt284	1	1	0	1	1	1
mPonAbe1_numt286	1	1	0	1	1	1
mPonAbe1_numt287	1	1	0	1	1	1
mPonAbe1_numt288	1	1	0	1	1	1
mPonAbe1_numt289	1	1	0	1	1	1
mPonAbe1_numt290	1	1	0	1	1	1
mPonAbe1_numt291	1	1	0	1	1	1
mPonAbe1_numt292	1	1	0	1	1	1
mPonAbe1_numt293	1	1	0	1	1	1
mPonAbe1_numt294	1	1	0	1	1	1
mPonAbe1_numt295	1	1	0	1	1	1
mPonAbe1_numt296	1	1	0	1	1	1
mPonAbe1_numt297	0	0	0	0	1	1
mPonAbe1_numt298	0	0	0	0	1	1
mPonAbe1_numt299	0	0	0	0	1	1
mPonAbe1_numt300	0	0	0	0	1	0
mPonAbe1_numt301	1	1	0	1	1	1
mPonAbe1_numt302	1	1	0	1	1	1
mPonAbe1_numt303	0	0	0	0	1	1
mPonAbe1_numt304	1	1	0	1	1	1
mPonAbe1_numt305	0	0	0	0	1	1
mPonAbe1_numt306	1	1	0	0	1	1
mPonAbe1_numt307	1	1	1	1	1	1
mPonAbe1_numt308	0	0	0	0	1	1
mPonAbe1_numt309	1	1	1	1	1	1
mPonAbe1_numt310	1	1	1	1	1	1
mPonAbe1_numt311	1	1	1	0	1	1
mPonAbe1_numt312	1	1	1	1	1	1
mPonAbe1_numt313	1	1	1	1	1	1
mPonAbe1_numt314	1	1	0	0	1	1
mPonAbe1_numt315	1	1	1	1	1	1
mPonAbe1_numt316	0	0	0	0	1	1
mPonAbe1_numt317	0	0	0	0	1	1
mPonAbe1_numt318	0	0	0	0	1	1
mPonAbe1_numt319	1	1	1	1	1	1
mPonAbe1_numt320	0	0	0	0	1	1
mPonAbe1_numt321	1	1	1	1	1	1
mPonAbe1_numt322	0	0	0	0	1	1
mPonAbe1_numt323	1	1	1	1	1	1
mPonAbe1_numt324	0	0	0	0	1	1
mPonAbe1_numt325	1	1	1	1	1	1
mPonAbe1_numt326	0	0	0	0	1	1
mPonAbe1_numt327	0	0	0	0	1	1
mPonAbe1_numt328	0	0	0	0	1	1
mPonAbe1_numt329	1	1	1	1	1	1
mPonAbe1_numt330	0	0	0	0	1	1
mPonAbe1_numt331	0	0	0	0	1	1
mPonAbe1_numt332	0	0	0	0	1	1
mPonAbe1_numt333	0	0	0	0	1	1
mPonAbe1_numt334	0	0	0	0	1	1
mPonAbe1_numt335	0	0	0	0	1	0
mPonAbe1_numt336	0	0	0	0	1	1
mPonAbe1_numt337	0	0	0	0	1	1
mPonAbe1_numt338	1	0	0	0	1	1
mPonAbe1_numt339	1	1	1	1	1	1
mPonAbe1_numt340	1	1	1	1	1	1
mPonAbe1_numt341	1	1	1	1	1	1
mPonAbe1_numt342	1	1	0	1	1	1
mPonAbe1_numt344	0	0	1	0	1	1
mPonAbe1_numt346	0	0	0	0	1	1
mPonAbe1_numt347	1	1	1	1	1	1
mPonAbe1_numt348	1	1	1	1	1	1
mPonAbe1_numt349	0	0	0	0	1	0
mPonAbe1_numt350	1	1	1	1	1	1
mPonAbe1_numt351	1	1	1	1	1	1
mPonAbe1_numt352	1	1	1	0	1	1
mPonAbe1_numt353	0	0	0	0	1	1
mPonAbe1_numt354	0	0	0	0	1	1
mPonAbe1_numt355	0	0	0	0	1	1
mPonAbe1_numt356	1	1	1	0	1	1
mPonAbe1_numt357	1	1	1	0	1	1
mPonAbe1_numt358	0	0	1	0	1	1
mPonAbe1_numt359	0	0	0	0	1	1
mPonAbe1_numt360	0	0	0	1	1	1
mPonAbe1_numt361	0	0	0	0	1	1
mPonAbe1_numt362	0	0	0	0	1	1
mPonAbe1_numt363	0	0	0	0	1	1
mPonAbe1_numt364	0	0	0	0	1	1
mPonAbe1_numt365	0	0	0	0	1	1
mPonAbe1_numt366	0	0	0	0	1	1
mPonAbe1_numt367	1	1	1	1	1	1
mPonAbe1_numt368	0	0	0	0	1	1
mPonAbe1_numt369	1	1	1	1	1	1
mPonAbe1_numt371	0	0	0	1	1	1
mPonAbe1_numt372	0	0	1	1	1	1
mPonAbe1_numt373	0	0	1	1	1	1
mPonAbe1_numt374	0	0	1	1	1	1
mPonAbe1_numt375	1	1	1	1	1	1
mPonAbe1_numt376	1	1	0	1	1	1
mPonAbe1_numt377	0	0	0	0	1	1
mPonAbe1_numt378	0	0	0	0	1	0
mPonAbe1_numt379	0	0	0	0	1	0
mPonAbe1_numt380	0	0	0	0	1	0
mPonAbe1_numt381	0	0	0	0	1	0
mPonAbe1_numt382	0	0	0	0	1	0
mPonAbe1_numt383	0	0	0	0	1	0
mPonAbe1_numt385	0	0	0	0	1	0
mPonAbe1_numt386	0	0	0	0	1	0
mPonAbe1_numt387	0	0	0	0	1	0
mPonAbe1_numt388	0	0	0	0	1	0
mPonAbe1_numt389	0	0	0	0	1	0
mPonAbe1_numt390	0	0	0	0	1	0
mPonAbe1_numt391	1	1	1	1	1	0
mPonAbe1_numt392	0	0	0	0	1	1
mPonAbe1_numt393	0	0	0	0	1	1
mPonAbe1_numt394	0	0	0	0	1	1
mPonAbe1_numt395	0	0	0	0	1	1
mPonAbe1_numt397	0	0	0	0	1	1
mPonAbe1_numt398	0	0	0	0	1	1
mPonAbe1_numt399	0	0	0	0	1	1
mPonAbe1_numt400	0	0	0	0	1	1
mPonAbe1_numt401	0	0	0	0	1	1
mPonAbe1_numt402	0	0	0	0	1	1
mPonAbe1_numt403	0	0	0	0	1	1
mPonAbe1_numt404	0	0	0	0	1	1
mPonAbe1_numt405	1	1	1	1	1	1
mPonAbe1_numt406	1	0	0	0	1	1
mPonAbe1_numt407	1	1	1	1	1	1
mPonAbe1_numt408	1	1	1	1	1	1
mPonAbe1_numt409	0	0	0	0	1	1
mPonAbe1_numt410	0	0	0	0	1	1
mPonAbe1_numt411	1	1	1	1	1	1
mPonAbe1_numt412	0	0	0	0	1	1
mPonAbe1_numt413	1	1	1	1	1	1
mPonAbe1_numt414	1	1	1	1	1	1
mPonAbe1_numt415	1	1	1	1	1	1
mPonAbe1_numt416	1	0	1	1	1	1
mPonAbe1_numt417	1	1	1	1	1	1
mPonAbe1_numt418	0	0	0	1	1	1
mPonAbe1_numt419	0	0	0	0	1	1
mPonAbe1_numt420	1	1	1	1	1	1
mPonAbe1_numt422	1	1	1	1	1	1
mPonAbe1_numt423	1	1	1	1	1	1
mPonAbe1_numt424	1	1	1	1	1	1
mPonAbe1_numt425	0	0	0	0	1	1
mPonAbe1_numt426	0	0	0	0	1	0
mPonAbe1_numt427	1	1	1	1	1	1
mPonAbe1_numt428	0	0	0	0	1	1
mPonAbe1_numt429	0	0	0	0	1	1
mPonAbe1_numt430	1	1	1	1	1	1
mPonAbe1_numt431	0	0	0	0	1	1
mPonAbe1_numt432	1	1	1	0	1	1
mPonAbe1_numt433	1	1	1	1	1	1
mPonAbe1_numt434	1	1	1	1	1	1
mPonAbe1_numt435	0	0	0	0	1	1
mPonAbe1_numt436	0	0	0	0	1	1
mPonAbe1_numt437	1	1	0	1	1	1
mPonAbe1_numt438	0	0	0	1	1	1
mPonAbe1_numt439	1	1	0	1	1	1
mPonAbe1_numt440	1	1	0	1	1	1
mPonAbe1_numt441	0	0	0	1	1	1
mPonAbe1_numt442	0	0	0	0	1	1
mPonAbe1_numt443	1	1	0	1	1	1
mPonAbe1_numt444	0	0	0	0	1	1
mPonAbe1_numt445	0	0	0	0	1	1
mPonAbe1_numt446	0	0	0	0	1	1
mPonAbe1_numt447	0	0	1	1	1	1
mPonAbe1_numt448	1	1	1	1	1	1
mPonAbe1_numt449	1	1	1	1	1	1
mPonAbe1_numt450	1	1	1	1	1	1
mPonAbe1_numt451	1	1	1	1	1	1
mPonAbe1_numt452	1	1	1	1	1	1
mPonAbe1_numt453	0	1	1	1	1	1
mPonAbe1_numt454	1	1	1	1	1	1
mPonAbe1_numt455	1	1	1	1	1	1
mPonAbe1_numt456	0	0	0	0	1	1
mPonAbe1_numt458	0	0	0	0	1	1
mPonAbe1_numt459	0	0	0	0	1	1
mPonAbe1_numt461	0	0	1	1	1	1
mPonAbe1_numt462	0	1	1	1	1	1
mPonAbe1_numt463	0	0	0	0	1	1
mPonAbe1_numt464	1	1	1	1	1	1
mPonAbe1_numt465	1	1	1	1	1	1
mPonAbe1_numt466	0	0	0	0	1	1
mPonAbe1_numt467	0	0	0	0	1	1
mPonAbe1_numt468	0	0	0	0	1	1
mPonAbe1_numt469	1	1	1	0	1	1
mPonAbe1_numt470	1	1	1	0	1	1
mPonAbe1_numt471	1	1	1	0	1	1
mPonAbe1_numt472	1	1	1	0	1	1
mPonAbe1_numt473	1	1	1	0	1	1
mPonAbe1_numt474	1	1	1	0	1	1
mPonAbe1_numt475	0	0	1	0	1	1
mPonAbe1_numt476	0	0	0	0	1	1
mPonAbe1_numt477	0	0	0	0	1	1
mPonAbe1_numt478	0	0	0	0	1	0
mPonAbe1_numt479	0	0	1	1	1	1
mPonAbe1_numt481	0	0	0	0	1	1
mPonAbe1_numt482	0	0	1	1	1	1
mPonAbe1_numt483	0	0	1	0	1	1
mPonAbe1_numt484	0	0	1	0	1	1
mPonAbe1_numt485	0	0	1	0	1	1
mPonAbe1_numt486	0	0	1	1	1	1
mPonAbe1_numt487	0	0	1	1	1	1
mPonAbe1_numt488	1	1	1	1	1	1
mPonAbe1_numt489	1	1	1	1	1	1
mPonAbe1_numt490	1	1	1	1	1	1
mPonAbe1_numt491	0	0	0	0	1	1
mPonAbe1_numt492	0	0	0	0	1	0
mPonAbe1_numt493	0	0	0	0	1	1
mPonAbe1_numt494	1	1	1	1	1	1
mPonAbe1_numt495	1	1	1	1	1	1
mPonAbe1_numt496	1	1	1	1	1	1
mPonAbe1_numt497	1	1	1	1	1	1
mPonAbe1_numt499	0	0	0	0	1	1
mPonAbe1_numt500	0	0	0	1	1	0
mPonAbe1_numt501	0	0	1	0	1	1
mPonAbe1_numt502	0	0	0	0	1	1
mPonAbe1_numt503	0	0	0	0	1	1
mPonAbe1_numt504	0	0	0	0	1	1
mPonAbe1_numt506	1	1	1	1	1	1
mPonAbe1_numt507	0	0	0	0	1	1
mPonAbe1_numt508	1	1	1	1	1	1
mPonAbe1_numt509	1	1	1	1	1	1
mPonAbe1_numt510	0	0	0	0	1	0
mPonAbe1_numt511	1	1	1	1	1	1
mPonAbe1_numt512	1	1	1	1	1	1
mPonAbe1_numt513	1	1	1	1	1	1
mPonAbe1_numt514	1	1	1	1	1	1
mPonAbe1_numt515	1	1	1	1	1	1
mPonAbe1_numt516	0	0	0	0	1	1
mPonAbe1_numt517	0	0	0	0	1	1
mPonAbe1_numt518	1	1	1	1	1	1
mPonAbe1_numt519	0	0	1	1	1	1
mPonAbe1_numt520	0	0	0	0	1	0
mPonAbe1_numt521	0	0	0	0	1	0
mPonAbe1_numt522	0	0	0	0	1	1
mPonAbe1_numt523	0	0	0	0	1	1
mPonAbe1_numt524	0	0	0	0	1	1
mPonAbe1_numt525	0	0	0	0	1	1
mPonAbe1_numt526	0	0	0	0	1	1
mPonAbe1_numt527	0	0	0	0	1	1
mPonAbe1_numt528	0	0	0	0	1	1
mPonAbe1_numt529	0	0	0	0	1	1
mPonAbe1_numt530	1	1	1	1	1	1
mPonAbe1_numt531	0	0	0	0	1	1
mPonAbe1_numt532	1	1	0	1	1	1
mPonAbe1_numt533	1	1	1	1	1	1
mPonAbe1_numt534	1	1	1	1	1	1
mPonAbe1_numt535	1	1	1	1	1	1
mPonAbe1_numt536	0	1	1	1	1	1
mPonAbe1_numt537	1	1	1	1	1	1
mPonAbe1_numt538	1	1	1	1	1	1
mPonAbe1_numt539	0	0	0	0	1	1
mPonAbe1_numt541	1	1	1	1	1	1
mPonAbe1_numt542	0	0	0	0	1	1
mPonAbe1_numt543	0	0	0	0	1	1
mPonAbe1_numt544	0	1	1	1	1	1
mPonAbe1_numt545	0	0	0	0	1	1
mPonAbe1_numt546	0	0	0	0	1	1
mPonAbe1_numt547	0	1	1	1	1	1
mPonAbe1_numt548	0	0	0	0	1	1
mPonAbe1_numt549	0	0	0	0	1	1
mPonAbe1_numt550	0	1	1	1	1	1
mPonAbe1_numt551	0	1	1	1	1	1
mPonAbe1_numt552	0	1	1	1	1	1
mPonAbe1_numt553	0	0	1	1	1	1
mPonAbe1_numt554	0	0	0	0	1	1
mPonAbe1_numt555	0	0	0	0	1	1
mPonAbe1_numt556	0	0	0	0	1	1
mPonAbe1_numt557	0	0	0	0	1	1
mPonAbe1_numt558	0	0	0	0	1	1
mPonAbe1_numt560	1	1	1	1	1	1
mPonAbe1_numt561	1	1	1	1	1	1
mPonAbe1_numt562	0	0	1	1	1	1
mPonAbe1_numt565	0	0	0	0	1	1
mPonAbe1_numt566	0	0	0	0	1	1
mPonAbe1_numt567	0	0	0	0	1	1
mPonAbe1_numt568	0	0	0	0	1	1
mPonAbe1_numt569	0	0	0	0	1	1
mPonAbe1_numt570	0	0	0	0	1	1
mPonAbe1_numt571	0	0	0	0	1	1
mPonAbe1_numt574	0	0	0	0	1	1
mPonAbe1_numt575	0	0	0	0	1	1
mPonAbe1_numt576	0	0	0	0	1	1
mPonAbe1_numt577	0	0	0	0	1	1
mPonAbe1_numt578	0	0	0	0	1	1
mPonAbe1_numt579	1	1	1	1	1	1
mPonAbe1_numt580	1	1	1	1	1	1
mPonAbe1_numt581	1	1	1	1	1	1
mPonAbe1_numt582	1	1	1	1	1	1
mPonAbe1_numt583	1	1	1	1	1	1
mPonAbe1_numt584	0	0	1	1	1	1
mPonAbe1_numt585	0	0	0	0	1	1
mPonAbe1_numt586	1	1	1	1	1	1
mPonAbe1_numt587	0	0	0	0	1	0
mPonAbe1_numt588	0	0	0	0	1	0
mPonAbe1_numt589	1	1	1	1	1	1
mPonAbe1_numt590	0	0	0	0	1	1
mPonAbe1_numt591	0	0	0	0	1	1
mPonAbe1_numt592	0	0	1	0	1	1
mPonAbe1_numt593	1	1	1	1	1	1
mPonAbe1_numt594	1	1	1	1	1	1
mPonAbe1_numt595	1	1	1	1	1	1
mPonAbe1_numt596	0	0	0	0	1	1
mPonAbe1_numt597	0	0	0	0	1	1
mPonAbe1_numt598	1	0	1	1	1	1
mPonAbe1_numt599	1	1	1	1	1	1
mPonAbe1_numt600	0	0	0	0	1	1
mPonAbe1_numt601	1	1	1	1	1	1
mPonAbe1_numt602	1	1	1	0	1	1
mPonAbe1_numt603	1	1	1	0	1	1
mPonAbe1_numt604	0	0	0	0	1	1
mPonAbe1_numt605	0	0	0	0	1	1
mPonAbe1_numt606	1	1	1	0	1	1
mPonAbe1_numt607	1	0	1	0	1	1
mPonAbe1_numt608	1	1	1	0	1	1
mPonAbe1_numt609	1	1	1	0	1	1
mPonAbe1_numt610	1	1	1	0	1	1
mPonAbe1_numt611	1	1	1	0	1	1
mPonAbe1_numt612	0	1	1	0	1	1
mPonAbe1_numt613	0	0	0	0	1	1
mPonAbe1_numt614	1	1	1	0	1	1
mPonAbe1_numt615	1	1	1	0	1	1
mPonAbe1_numt616	1	1	1	0	1	1
mPonAbe1_numt617	1	1	1	0	1	1
mPonAbe1_numt618	1	1	1	0	1	1
mPonAbe1_numt619	1	1	1	0	1	1
mPonAbe1_numt620	1	1	1	0	1	1
mPonAbe1_numt621	1	1	1	0	1	1
mPonAbe1_numt622	1	1	1	0	1	1
mPonAbe1_numt623	0	0	0	0	1	1
mPonAbe1_numt624	1	0	1	0	1	1
mPonAbe1_numt625	0	0	0	0	1	1
mPonAbe1_numt626	1	1	1	1	1	1
mPonAbe1_numt627	1	1	1	1	1	1
mPonAbe1_numt628	0	0	0	0	1	1
mPonAbe1_numt629	1	1	1	1	1	1
mPonAbe1_numt630	1	1	1	1	1	1
mPonAbe1_numt631	1	1	1	1	1	1
mPonAbe1_numt632	1	1	1	1	1	1
mPonAbe1_numt633	1	1	1	1	1	1
mPonAbe1_numt634	1	1	1	1	1	1
mPonAbe1_numt635	0	0	0	0	1	0
mPonAbe1_numt636	1	1	0	1	1	1
mPonAbe1_numt637	1	1	1	1	1	1
mPonAbe1_numt638	0	0	0	0	1	0
mPonAbe1_numt639	1	1	1	1	1	1
mPonAbe1_numt640	1	1	1	1	1	1
mPonAbe1_numt641	1	1	1	1	1	1
mPonAbe1_numt642	0	0	0	0	1	1
mPonAbe1_numt643	0	0	0	0	1	1
mPonAbe1_numt644	1	1	1	1	1	1
mPonAbe1_numt645	0	1	0	0	1	1
mPonAbe1_numt646	0	0	0	0	1	1
mPonAbe1_numt647	1	1	1	1	1	1
mPonAbe1_numt648	1	1	1	1	1	1
mPonAbe1_numt649	0	0	0	0	1	1
mPonAbe1_numt650	0	0	0	0	1	1
mPonAbe1_numt651	0	0	0	0	1	1
mPonAbe1_numt652	0	0	0	0	1	1
mPonAbe1_numt653	0	0	0	0	1	1
mPonAbe1_numt654	1	1	0	1	1	1
mPonAbe1_numt656	1	1	1	1	1	1
mPonAbe1_numt657	1	1	1	1	1	1
mPonAbe1_numt658	1	1	1	1	1	1
mPonAbe1_numt659	1	1	1	1	1	1
mPonAbe1_numt660	1	1	1	0	1	1
mPonAbe1_numt661	1	1	1	0	1	1
mPonAbe1_numt662	0	0	0	0	1	1
mPonAbe1_numt663	1	1	1	0	1	1
mPonAbe1_numt664	1	1	1	0	1	1
mPonAbe1_numt665	0	0	0	0	1	1
mPonAbe1_numt667	0	0	0	0	1	1
mPonAbe1_numt668	0	0	0	0	1	1
mPonAbe1_numt669	0	0	0	0	1	1
mPonAbe1_numt670	0	0	0	0	1	1
mPonAbe1_numt671	1	1	1	0	1	1
mPonAbe1_numt672	0	0	1	1	1	0
mPonAbe1_numt673	0	0	0	0	1	1
mPonAbe1_numt674	0	0	0	1	1	1
mPonAbe1_numt675	0	0	0	1	1	1
mPonAbe1_numt676	0	0	0	1	1	1
mPonAbe1_numt677	0	0	0	1	1	1
mPonAbe1_numt678	0	0	0	1	1	1
mPonAbe1_numt679	1	1	1	0	1	1
mPonAbe1_numt680	0	0	0	1	1	1
mPonAbe1_numt681	0	0	0	1	1	1
mPonAbe1_numt682	0	0	0	1	1	1
mPonAbe1_numt683	0	0	0	0	1	1
mPonAbe1_numt684	0	0	1	1	1	1
mPonAbe1_numt685	0	1	0	1	1	1
mPonAbe1_numt686	1	1	1	1	1	1
mPonAbe1_numt687	1	1	1	1	1	1
mPonAbe1_numt688	0	0	0	0	1	1
mPonAbe1_numt689	0	0	0	0	1	1
mPonAbe1_numt690	1	1	1	1	1	1
mPonAbe1_numt691	0	0	0	0	1	0
mPonAbe1_numt692	1	1	1	1	1	1
mPonAbe1_numt693	0	0	0	0	1	1
mPonAbe1_numt694	0	0	0	0	1	1
mPonAbe1_numt695	0	0	0	0	1	1
mPonAbe1_numt696	0	0	0	0	1	1
mPonAbe1_numt697	0	0	0	0	1	1
mPonAbe1_numt698	0	0	0	0	1	1
mPonAbe1_numt699	0	0	0	0	1	1
mPonAbe1_numt700	0	0	0	0	1	1
mPonAbe1_numt701	0	0	0	0	1	1
mPonAbe1_numt702	0	0	0	0	1	1
mPonAbe1_numt703	0	0	0	0	1	1
mPonAbe1_numt704	0	0	0	0	1	1
mPonAbe1_numt705	1	1	1	1	1	1
mPonAbe1_numt706	0	0	0	0	1	1
mPonAbe1_numt707	1	1	1	1	1	1
mPonAbe1_numt708	1	1	1	1	1	1
mPonAbe1_numt709	1	1	1	1	1	1
mPonAbe1_numt710	1	1	1	1	1	1
mPonAbe1_numt711	0	0	0	0	1	1
mPonAbe1_numt712	0	0	0	0	1	1
mPonAbe1_numt713	0	0	0	0	1	1
mPonAbe1_numt714	0	0	0	0	1	1
mPonAbe1_numt715	0	0	0	0	1	1
mPonAbe1_numt716	0	0	0	0	1	1
mPonAbe1_numt717	0	0	0	0	1	1
mPonAbe1_numt718	0	0	0	0	1	1
mPonAbe1_numt719	0	0	0	0	1	1
mPonAbe1_numt720	0	0	0	0	1	1
mPonAbe1_numt722	0	0	0	0	1	0
mPonAbe1_numt723	0	0	0	0	1	0
mPonAbe1_numt724	1	1	1	0	1	1
mPonAbe1_numt725	1	1	1	1	1	1
mPonAbe1_numt726	0	0	1	1	1	1
mPonAbe1_numt727	1	1	1	1	1	1
mPonAbe1_numt728	1	1	1	1	1	1
mPonAbe1_numt729	0	0	0	0	1	1
mPonAbe1_numt730	1	1	1	1	1	1
mPonAbe1_numt731	1	1	1	1	1	1
mPonAbe1_numt732	1	1	1	1	1	1
mPonAbe1_numt733	1	1	1	1	1	1
mPonAbe1_numt734	1	1	1	1	1	1
mPonAbe1_numt736	0	0	0	0	1	0
mPonAbe1_numt737	1	1	1	1	1	1
mPonAbe1_numt738	1	1	0	1	1	1
mPonAbe1_numt739	1	1	1	1	1	1
mPonAbe1_numt740	1	1	1	1	1	1
mPonAbe1_numt741	1	1	1	1	1	1
mPonAbe1_numt742	1	1	1	1	1	1
mPonAbe1_numt743	1	1	0	1	1	1
mPonAbe1_numt744	1	1	1	1	1	1
mPonAbe1_numt745	1	1	1	1	1	1
mPonAbe1_numt746	1	1	1	1	1	1
mPonAbe1_numt747	0	0	0	0	1	1
mPonAbe1_numt748	1	1	1	1	1	1
mPonAbe1_numt749	1	1	1	1	1	1
mPonAbe1_numt750	1	1	1	1	1	1
mPonAbe1_numt751	1	1	1	1	1	1
mPonAbe1_numt752	1	1	1	1	1	1
mPonAbe1_numt753	1	1	1	1	1	1
mPonAbe1_numt754	1	1	1	1	1	1
mPonAbe1_numt755	1	1	1	1	1	1
mPonAbe1_numt756	1	1	1	1	1	1
mPonAbe1_numt757	1	1	1	1	1	1
mPonAbe1_numt758	1	1	1	1	1	1
mPonAbe1_numt759	1	1	1	1	1	1
mPonAbe1_numt760	0	0	1	0	1	1
mPonAbe1_numt761	1	1	1	1	1	0
mPonAbe1_numt762	1	1	1	1	1	1
mPonAbe1_numt763	1	1	1	1	1	1
mPonAbe1_numt764	1	1	1	1	1	1
mPonAbe1_numt765	0	0	0	0	1	1
mPonAbe1_numt766	0	0	0	0	1	1
mPonAbe1_numt767	0	0	0	0	1	1
mPonAbe1_numt768	1	1	1	1	1	1
mPonAbe1_numt769	1	1	1	1	1	1
mPonAbe1_numt770	1	1	1	1	1	1
mPonAbe1_numt771	0	0	0	0	1	0
mPonAbe1_numt772	1	1	1	1	1	0
mPonAbe1_numt773	1	1	1	1	1	1
mPonAbe1_numt774	1	1	1	1	1	1
mPonAbe1_numt775	0	1	1	1	1	1
mPonAbe1_numt776	1	1	1	1	1	1
mPonAbe1_numt777	0	0	0	0	1	1
mPonAbe1_numt778	0	0	0	0	1	1
mPonAbe1_numt779	0	0	0	0	1	1
mPonAbe1_numt780	0	0	0	0	1	1
mPonAbe1_numt781	0	0	0	0	1	1
mPonAbe1_numt782	0	0	0	0	1	1
mPonAbe1_numt783	0	0	0	0	1	0
mPonAbe1_numt784	0	0	0	0	1	0
mPonAbe1_numt785	0	0	0	0	1	1
mPonAbe1_numt786	0	0	0	0	1	1
mPonAbe1_numt788	0	0	0	0	1	1
mPonAbe1_numt789	0	0	0	0	1	1
mPonAbe1_numt790	0	0	0	0	1	1
mPonAbe1_numt791	0	0	0	0	1	1
mPonAbe1_numt792	0	0	0	0	1	1
mPonAbe1_numt793	0	0	0	0	1	1
mPonAbe1_numt794	0	0	0	0	1	1
mPonAbe1_numt795	0	0	0	0	1	1
mPonAbe1_numt796	0	0	0	0	1	1
mPonAbe1_numt797	0	0	0	0	1	1
mPonAbe1_numt798	0	0	0	0	1	1
mPonAbe1_numt799	0	0	0	0	1	1
mPonAbe1_numt800	0	0	0	0	1	1
mPonAbe1_numt801	0	0	0	0	1	1
mPonAbe1_numt802	0	0	0	0	1	1
mPonAbe1_numt803	0	0	0	0	1	1
mPonAbe1_numt804	0	0	0	0	1	1
mPonAbe1_numt805	0	0	0	0	1	1
mPonAbe1_numt806	0	0	0	0	1	1
mPonAbe1_numt807	0	0	0	0	1	1
mPonAbe1_numt808	0	0	0	0	1	1
mPonAbe1_numt809	0	0	0	0	1	1
mPonAbe1_numt810	0	0	0	0	1	1
mPonAbe1_numt811	0	0	0	0	1	1
mPonAbe1_numt812	0	0	0	0	1	1
mPonAbe1_numt813	0	0	0	0	1	1
mPonAbe1_numt814	0	0	0	0	1	1
mPonAbe1_numt815	0	0	0	0	1	1
mPonAbe1_numt816	0	0	0	0	1	1
mPonAbe1_numt817	0	0	0	0	1	1
mPonAbe1_numt818	0	0	0	0	1	1
mPonAbe1_numt819	0	0	0	0	1	1
mPonAbe1_numt820	0	0	0	0	1	1
mPonPyg2_numt1	1	1	1	1	1	1
mPonPyg2_numt2	1	1	1	1	1	1
mPonPyg2_numt3	0	0	0	0	1	1
mPonPyg2_numt4	0	0	0	0	1	1
mPonPyg2_numt5	0	0	0	0	1	1
mPonPyg2_numt6	0	0	0	0	1	1
mPonPyg2_numt7	0	0	0	0	1	1
mPonPyg2_numt8	0	0	0	0	1	1
mPonPyg2_numt9	0	0	1	0	1	1
mPonPyg2_numt10	0	0	1	0	1	1
mPonPyg2_numt11	0	0	1	0	1	1
mPonPyg2_numt12	0	0	0	0	1	1
mPonPyg2_numt13	0	0	1	0	1	1
mPonPyg2_numt14	0	0	1	0	1	1
mPonPyg2_numt15	0	0	0	0	1	1
mPonPyg2_numt16	0	0	0	0	1	1
mPonPyg2_numt17	0	0	0	0	0	1
mPonPyg2_numt18	0	0	0	0	1	1
mPonPyg2_numt20	0	0	0	0	1	1
mPonPyg2_numt21	1	1	1	1	1	1
mPonPyg2_numt22	0	0	0	0	1	1
mPonPyg2_numt23	1	1	1	1	1	1
mPonPyg2_numt24	0	0	0	0	1	1
mPonPyg2_numt25	0	0	0	0	1	1
mPonPyg2_numt26	0	0	1	0	1	1
mPonPyg2_numt27	1	0	0	0	1	1
mPonPyg2_numt28	1	0	0	0	1	1
mPonPyg2_numt29	1	0	0	0	1	1
mPonPyg2_numt30	1	0	0	0	1	1
mPonPyg2_numt31	0	0	0	0	1	1
mPonPyg2_numt32	0	0	0	0	1	1
mPonPyg2_numt33	0	0	0	0	1	1
mPonPyg2_numt34	0	0	0	0	1	1
mPonPyg2_numt35	0	0	0	0	1	1
mPonPyg2_numt36	0	0	0	0	1	1
mPonPyg2_numt37	0	0	0	0	1	1
mPonPyg2_numt38	0	0	0	0	1	1
mPonPyg2_numt39	0	1	1	1	1	1
mPonPyg2_numt40	0	1	0	1	1	1
mPonPyg2_numt41	0	0	0	0	1	1
mPonPyg2_numt42	0	1	1	1	1	1
mPonPyg2_numt43	0	0	0	0	1	1
mPonPyg2_numt44	0	0	0	0	1	1
mPonPyg2_numt45	0	0	0	0	1	1
mPonPyg2_numt46	0	0	0	0	1	1
mPonPyg2_numt47	0	0	1	0	1	1
mPonPyg2_numt48	0	1	1	1	1	1
mPonPyg2_numt49	0	1	1	1	1	1
mPonPyg2_numt50	0	1	1	1	1	1
mPonPyg2_numt52	0	1	1	1	1	1
mPonPyg2_numt53	0	0	0	0	1	1
mPonPyg2_numt54	0	0	0	0	1	1
mPonPyg2_numt55	0	0	0	0	1	1
mPonPyg2_numt56	0	0	0	0	1	1
mPonPyg2_numt57	1	1	1	1	1	1
mPonPyg2_numt58	0	0	0	0	1	1
mPonPyg2_numt59	1	1	1	1	1	1
mPonPyg2_numt60	1	1	1	1	1	1
mPonPyg2_numt61	1	1	1	1	1	1
mPonPyg2_numt62	1	0	1	1	1	1
mPonPyg2_numt63	1	1	1	1	1	1
mPonPyg2_numt64	1	1	1	1	1	1
mPonPyg2_numt65	1	1	1	1	1	1
mPonPyg2_numt66	1	1	1	1	1	1
mPonPyg2_numt68	0	0	0	0	1	1
mPonPyg2_numt69	1	1	1	1	1	1
mPonPyg2_numt70	1	1	1	1	1	1
mPonPyg2_numt71	1	1	1	1	1	1
mPonPyg2_numt72	1	1	1	1	1	1
mPonPyg2_numt73	0	0	0	0	1	1
mPonPyg2_numt74	1	1	1	1	1	1
mPonPyg2_numt75	1	1	1	1	1	1
mPonPyg2_numt76	1	1	1	1	1	1
mPonPyg2_numt77	1	1	1	1	1	1
mPonPyg2_numt78	1	1	1	1	1	1
mPonPyg2_numt79	0	0	0	0	1	1
mPonPyg2_numt80	1	1	0	1	1	1
mPonPyg2_numt81	0	0	0	1	1	1
mPonPyg2_numt82	0	0	0	0	1	1
mPonPyg2_numt83	0	0	0	0	1	1
mPonPyg2_numt84	0	0	0	0	1	1
mPonPyg2_numt85	0	0	0	0	0	1
mPonPyg2_numt86	0	0	1	1	1	1
mPonPyg2_numt87	0	0	0	1	1	1
mPonPyg2_numt88	0	0	1	1	1	1
mPonPyg2_numt89	0	0	0	0	1	1
mPonPyg2_numt90	1	1	0	1	1	1
mPonPyg2_numt91	0	0	0	0	1	1
mPonPyg2_numt92	1	1	0	1	1	1
mPonPyg2_numt93	1	1	0	1	1	1
mPonPyg2_numt94	0	0	0	0	1	1
mPonPyg2_numt95	1	1	0	1	1	1
mPonPyg2_numt96	0	0	0	0	1	1
mPonPyg2_numt97	1	1	0	1	1	1
mPonPyg2_numt98	1	1	0	1	1	1
mPonPyg2_numt99	1	1	0	1	1	1
mPonPyg2_numt101	0	0	0	1	1	1
mPonPyg2_numt102	0	0	0	0	1	1
mPonPyg2_numt103	0	0	0	0	1	1
mPonPyg2_numt104	1	1	0	1	1	1
mPonPyg2_numt105	1	1	0	1	1	1
mPonPyg2_numt106	1	1	0	1	1	1
mPonPyg2_numt107	0	0	0	0	1	1
mPonPyg2_numt108	0	0	0	0	1	1
mPonPyg2_numt109	0	1	0	1	1	1
mPonPyg2_numt110	1	1	0	1	1	1
mPonPyg2_numt111	1	1	0	1	1	1
mPonPyg2_numt112	1	1	0	1	1	1
mPonPyg2_numt113	1	1	0	1	1	1
mPonPyg2_numt114	1	1	0	1	1	1
mPonPyg2_numt115	1	1	0	1	1	1
mPonPyg2_numt116	1	1	0	1	1	1
mPonPyg2_numt117	1	1	0	1	1	1
mPonPyg2_numt118	1	1	0	1	1	1
mPonPyg2_numt120	1	1	1	1	1	1
mPonPyg2_numt121	1	1	1	1	1	1
mPonPyg2_numt122	1	1	1	1	1	1
mPonPyg2_numt123	1	1	1	1	1	1
mPonPyg2_numt124	1	1	1	1	1	1
mPonPyg2_numt125	1	1	1	1	1	1
mPonPyg2_numt126	1	1	0	0	1	1
mPonPyg2_numt127	1	1	0	0	1	1
mPonPyg2_numt128	1	1	0	0	1	1
mPonPyg2_numt129	0	0	1	1	1	1
mPonPyg2_numt130	0	0	1	1	1	1
mPonPyg2_numt131	0	0	1	1	1	1
mPonPyg2_numt132	0	0	1	1	1	1
mPonPyg2_numt133	0	0	1	1	1	1
mPonPyg2_numt134	0	0	1	1	1	1
mPonPyg2_numt135	0	0	0	0	1	1
mPonPyg2_numt136	0	0	1	1	1	1
mPonPyg2_numt137	1	1	1	1	1	1
mPonPyg2_numt138	1	1	1	1	1	1
mPonPyg2_numt139	1	1	1	1	1	1
mPonPyg2_numt140	1	1	1	1	1	1
mPonPyg2_numt141	1	1	1	1	1	1
mPonPyg2_numt142	1	1	1	1	1	1
mPonPyg2_numt143	1	1	1	1	1	1
mPonPyg2_numt144	1	1	1	1	1	1
mPonPyg2_numt145	0	0	1	1	1	1
mPonPyg2_numt146	1	0	1	1	1	1
mPonPyg2_numt147	0	0	0	1	1	1
mPonPyg2_numt148	0	0	0	0	0	1
mPonPyg2_numt149	0	0	0	0	1	1
mPonPyg2_numt150	1	1	0	1	1	1
mPonPyg2_numt151	0	0	0	0	1	1
mPonPyg2_numt152	1	1	1	1	1	1
mPonPyg2_numt153	0	0	0	0	1	1
mPonPyg2_numt154	0	0	0	0	1	1
mPonPyg2_numt155	1	1	1	1	1	1
mPonPyg2_numt156	1	1	0	1	1	1
mPonPyg2_numt157	1	1	1	1	1	1
mPonPyg2_numt158	1	1	1	1	1	1
mPonPyg2_numt159	1	1	1	1	1	1
mPonPyg2_numt160	0	0	0	0	1	1
mPonPyg2_numt161	1	1	1	1	1	1
mPonPyg2_numt162	1	1	1	0	1	1
mPonPyg2_numt163	0	0	0	0	1	1
mPonPyg2_numt164	0	0	0	0	1	1
mPonPyg2_numt165	1	1	1	1	1	1
mPonPyg2_numt166	1	1	1	1	1	1
mPonPyg2_numt167	1	1	1	0	1	1
mPonPyg2_numt168	1	1	1	0	1	1
mPonPyg2_numt169	1	1	1	0	1	1
mPonPyg2_numt170	0	0	0	1	1	1
mPonPyg2_numt171	0	0	0	0	1	1
mPonPyg2_numt172	0	0	0	0	1	1
mPonPyg2_numt173	0	0	0	0	1	1
mPonPyg2_numt174	0	0	0	0	1	1
mPonPyg2_numt175	0	0	0	0	1	1
mPonPyg2_numt176	1	1	1	1	1	1
mPonPyg2_numt177	0	0	0	0	1	1
mPonPyg2_numt178	0	0	0	0	1	1
mPonPyg2_numt179	0	0	0	0	1	1
mPonPyg2_numt180	0	0	0	0	1	1
mPonPyg2_numt181	0	0	0	0	1	1
mPonPyg2_numt182	0	0	0	0	1	1
mPonPyg2_numt183	0	0	0	0	1	1
mPonPyg2_numt184	1	0	0	1	1	1
mPonPyg2_numt185	1	1	1	1	1	1
mPonPyg2_numt186	1	1	1	1	1	1
mPonPyg2_numt187	1	1	1	1	1	1
mPonPyg2_numt188	1	1	1	1	1	1
mPonPyg2_numt189	0	0	0	0	1	1
mPonPyg2_numt190	0	0	0	0	1	1
mPonPyg2_numt191	1	0	0	1	1	1
mPonPyg2_numt192	1	1	1	1	1	1
mPonPyg2_numt193	0	0	0	0	1	1
mPonPyg2_numt194	0	0	0	0	1	1
mPonPyg2_numt195	0	0	0	0	1	1
mPonPyg2_numt196	0	0	0	0	1	1
mPonPyg2_numt197	1	1	1	1	0	1
mPonPyg2_numt198	0	0	0	0	0	1
mPonPyg2_numt199	1	1	0	1	1	1
mPonPyg2_numt200	0	0	0	0	1	1
mPonPyg2_numt201	1	1	0	1	1	1
mPonPyg2_numt202	0	0	0	0	0	1
mPonPyg2_numt203	1	1	1	1	1	1
mPonPyg2_numt204	1	1	1	1	1	1
mPonPyg2_numt205	1	1	1	1	1	1
mPonPyg2_numt206	0	0	0	0	1	1
mPonPyg2_numt207	0	0	0	0	1	1
mPonPyg2_numt208	1	1	1	1	1	1
mPonPyg2_numt209	1	1	1	1	1	1
mPonPyg2_numt210	0	0	0	0	1	1
mPonPyg2_numt212	0	0	0	1	1	1
mPonPyg2_numt213	0	0	0	0	1	1
mPonPyg2_numt214	0	0	0	0	1	1
mPonPyg2_numt215	0	0	0	0	1	1
mPonPyg2_numt216	0	0	0	0	1	1
mPonPyg2_numt218	0	0	0	0	1	1
mPonPyg2_numt219	1	0	1	1	1	1
mPonPyg2_numt220	1	0	1	1	1	1
mPonPyg2_numt221	1	1	0	0	1	1
mPonPyg2_numt222	1	1	1	1	1	1
mPonPyg2_numt223	1	1	1	0	1	1
mPonPyg2_numt224	0	1	1	1	1	1
mPonPyg2_numt225	1	1	1	0	1	1
mPonPyg2_numt226	0	1	1	0	1	1
mPonPyg2_numt227	0	1	1	0	1	1
mPonPyg2_numt228	0	1	1	0	1	1
mPonPyg2_numt229	0	1	1	0	1	1
mPonPyg2_numt230	0	1	1	0	1	1
mPonPyg2_numt231	0	1	1	0	1	1
mPonPyg2_numt232	0	1	1	0	1	1
mPonPyg2_numt233	0	1	1	0	1	1
mPonPyg2_numt234	0	0	0	0	1	1
mPonPyg2_numt235	1	1	0	1	1	1
mPonPyg2_numt236	0	0	0	0	1	1
mPonPyg2_numt237	0	0	0	0	1	1
mPonPyg2_numt238	1	1	0	1	1	1
mPonPyg2_numt239	0	0	0	0	1	1
mPonPyg2_numt240	0	0	0	0	1	1
mPonPyg2_numt241	0	0	0	0	1	1
mPonPyg2_numt242	0	0	0	0	1	1
mPonPyg2_numt243	0	0	0	0	1	1
mPonPyg2_numt244	0	0	1	1	1	1
mPonPyg2_numt245	1	1	0	1	1	1
mPonPyg2_numt246	0	0	0	0	1	1
mPonPyg2_numt247	1	1	0	1	1	1
mPonPyg2_numt248	0	0	0	0	1	1
mPonPyg2_numt249	1	1	0	1	1	1
mPonPyg2_numt250	0	0	0	0	1	1
mPonPyg2_numt251	0	0	0	0	1	1
mPonPyg2_numt252	0	0	0	0	1	1
mPonPyg2_numt253	1	1	0	1	1	1
mPonPyg2_numt254	0	0	0	0	1	1
mPonPyg2_numt255	1	1	0	1	1	1
mPonPyg2_numt256	0	0	0	0	1	1
mPonPyg2_numt257	1	1	0	1	1	1
mPonPyg2_numt258	0	0	0	0	1	1
mPonPyg2_numt259	1	1	0	1	1	1
mPonPyg2_numt260	0	0	0	0	1	1
mPonPyg2_numt261	0	0	0	0	1	1
mPonPyg2_numt262	0	0	1	0	1	1
mPonPyg2_numt263	0	0	1	0	1	1
mPonPyg2_numt264	0	0	0	1	1	1
mPonPyg2_numt265	1	1	1	0	1	1
mPonPyg2_numt266	1	1	1	0	1	1
mPonPyg2_numt267	1	1	0	1	1	1
mPonPyg2_numt268	1	1	0	1	1	1
mPonPyg2_numt269	1	1	0	0	1	1
mPonPyg2_numt270	0	1	0	0	1	1
mPonPyg2_numt271	1	1	0	0	1	1
mPonPyg2_numt272	1	1	0	0	1	1
mPonPyg2_numt273	0	0	0	0	1	1
mPonPyg2_numt274	0	1	0	0	1	1
mPonPyg2_numt275	1	1	0	0	1	1
mPonPyg2_numt276	1	1	0	1	1	1
mPonPyg2_numt277	0	1	0	1	1	1
mPonPyg2_numt278	0	0	0	0	1	1
mPonPyg2_numt279	0	0	0	0	1	1
mPonPyg2_numt280	1	0	0	1	1	1
mPonPyg2_numt281	1	1	0	1	1	1
mPonPyg2_numt282	1	1	0	1	1	1
mPonPyg2_numt283	0	0	0	0	1	1
mPonPyg2_numt284	1	0	0	1	1	1
mPonPyg2_numt285	1	1	0	1	1	1
mPonPyg2_numt286	0	0	0	0	1	1
mPonPyg2_numt287	1	1	0	1	1	1
mPonPyg2_numt288	1	1	0	1	1	1
mPonPyg2_numt289	1	1	0	1	1	1
mPonPyg2_numt290	1	1	0	1	1	1
mPonPyg2_numt291	1	1	0	1	1	1
mPonPyg2_numt292	1	1	0	1	1	1
mPonPyg2_numt293	1	1	0	1	1	1
mPonPyg2_numt294	1	1	0	1	1	1
mPonPyg2_numt295	1	1	0	1	1	1
mPonPyg2_numt296	1	1	0	1	1	1
mPonPyg2_numt297	1	1	0	1	1	1
mPonPyg2_numt298	1	1	0	1	1	1
mPonPyg2_numt299	1	1	0	1	1	1
mPonPyg2_numt300	1	1	0	1	1	1
mPonPyg2_numt301	1	1	0	1	1	1
mPonPyg2_numt302	1	1	0	1	1	1
mPonPyg2_numt303	0	0	0	0	1	1
mPonPyg2_numt304	1	1	0	0	1	1
mPonPyg2_numt305	0	0	0	0	1	1
mPonPyg2_numt306	0	0	0	0	1	1
mPonPyg2_numt307	0	0	0	0	0	1
mPonPyg2_numt308	1	1	0	1	1	1
mPonPyg2_numt309	0	0	0	0	1	1
mPonPyg2_numt310	1	1	0	1	1	1
mPonPyg2_numt311	0	0	0	0	1	1
mPonPyg2_numt312	1	0	0	1	1	1
mPonPyg2_numt313	1	1	0	0	1	1
mPonPyg2_numt314	1	1	1	1	1	1
mPonPyg2_numt315	0	0	0	0	1	1
mPonPyg2_numt316	1	1	1	1	1	1
mPonPyg2_numt317	1	1	1	1	1	1
mPonPyg2_numt318	1	1	1	1	1	1
mPonPyg2_numt319	1	1	1	1	1	1
mPonPyg2_numt320	1	1	1	1	0	1
mPonPyg2_numt321	1	1	0	0	1	1
mPonPyg2_numt323	0	0	0	0	1	1
mPonPyg2_numt324	0	0	0	0	1	1
mPonPyg2_numt325	0	0	0	0	1	1
mPonPyg2_numt326	0	0	0	1	1	1
mPonPyg2_numt327	1	1	1	1	1	1
mPonPyg2_numt328	1	1	1	1	1	1
mPonPyg2_numt329	1	1	1	1	1	1
mPonPyg2_numt330	0	0	0	0	1	1
mPonPyg2_numt331	0	0	0	0	1	1
mPonPyg2_numt332	1	1	1	1	1	1
mPonPyg2_numt333	0	0	0	0	1	1
mPonPyg2_numt334	1	1	1	1	1	1
mPonPyg2_numt335	0	1	1	1	1	1
mPonPyg2_numt336	0	0	0	0	1	1
mPonPyg2_numt337	0	0	0	0	1	1
mPonPyg2_numt338	1	1	1	1	1	1
mPonPyg2_numt339	0	0	0	0	1	1
mPonPyg2_numt340	0	0	0	0	1	1
mPonPyg2_numt341	0	0	0	0	1	1
mPonPyg2_numt342	0	0	0	0	1	1
mPonPyg2_numt343	0	0	0	0	1	1
mPonPyg2_numt344	0	0	0	0	1	1
mPonPyg2_numt345	1	1	1	1	1	1
mPonPyg2_numt346	1	1	1	1	1	1
mPonPyg2_numt347	1	1	1	1	1	1
mPonPyg2_numt348	1	1	1	1	1	1
mPonPyg2_numt349	1	1	0	1	1	1
mPonPyg2_numt351	0	0	1	0	1	1
mPonPyg2_numt353	1	1	1	0	1	1
mPonPyg2_numt354	0	0	0	0	1	1
mPonPyg2_numt355	1	1	1	1	1	1
mPonPyg2_numt356	1	1	1	1	1	1
mPonPyg2_numt357	1	1	1	1	1	1
mPonPyg2_numt358	0	0	0	0	0	1
mPonPyg2_numt359	1	1	1	0	1	1
mPonPyg2_numt360	1	1	0	0	1	1
mPonPyg2_numt361	0	0	0	0	1	1
mPonPyg2_numt362	1	1	1	0	1	1
mPonPyg2_numt363	0	0	1	0	1	1
mPonPyg2_numt364	0	0	0	0	1	1
mPonPyg2_numt365	0	0	0	0	1	1
mPonPyg2_numt366	0	0	0	0	1	1
mPonPyg2_numt367	0	0	0	0	1	1
mPonPyg2_numt368	0	0	0	0	1	1
mPonPyg2_numt369	1	1	1	1	1	1
mPonPyg2_numt370	0	0	0	0	1	1
mPonPyg2_numt371	0	0	1	1	1	1
mPonPyg2_numt372	0	0	0	1	1	1
mPonPyg2_numt373	0	0	1	1	1	1
mPonPyg2_numt374	0	0	1	1	1	1
mPonPyg2_numt375	0	0	1	1	1	1
mPonPyg2_numt376	0	0	1	1	1	1
mPonPyg2_numt377	1	1	1	1	1	1
mPonPyg2_numt378	1	1	1	1	1	1
mPonPyg2_numt379	0	0	0	0	1	1
mPonPyg2_numt380	0	0	0	0	0	1
mPonPyg2_numt381	0	0	0	0	0	1
mPonPyg2_numt382	0	0	0	1	0	1
mPonPyg2_numt383	1	1	1	1	0	1
mPonPyg2_numt384	0	0	0	0	0	1
mPonPyg2_numt385	0	0	0	0	0	1
mPonPyg2_numt386	1	1	1	1	0	1
mPonPyg2_numt388	0	0	0	0	0	1
mPonPyg2_numt389	1	1	1	1	0	1
mPonPyg2_numt390	0	0	0	1	0	1
mPonPyg2_numt391	1	1	1	1	0	1
mPonPyg2_numt392	0	0	0	0	1	1
mPonPyg2_numt393	0	0	0	0	1	1
mPonPyg2_numt394	0	0	0	0	1	1
mPonPyg2_numt396	0	0	0	0	0	1
mPonPyg2_numt397	0	0	0	0	1	1
mPonPyg2_numt398	0	0	0	0	1	1
mPonPyg2_numt399	0	0	0	0	1	1
mPonPyg2_numt400	0	0	0	0	1	1
mPonPyg2_numt401	0	0	0	0	1	1
mPonPyg2_numt402	0	0	0	0	1	1
mPonPyg2_numt403	0	0	0	0	1	1
mPonPyg2_numt404	0	0	0	0	1	1
mPonPyg2_numt405	0	0	0	0	1	1
mPonPyg2_numt406	1	1	0	0	1	1
mPonPyg2_numt407	1	1	1	1	1	1
mPonPyg2_numt408	1	1	1	1	1	1
mPonPyg2_numt409	0	0	0	0	1	1
mPonPyg2_numt410	0	0	0	0	1	1
mPonPyg2_numt411	1	1	1	1	1	1
mPonPyg2_numt412	0	0	0	0	1	1
mPonPyg2_numt413	1	1	1	1	1	1
mPonPyg2_numt414	1	1	1	1	1	1
mPonPyg2_numt415	1	1	1	1	1	1
mPonPyg2_numt416	1	0	1	1	1	1
mPonPyg2_numt417	1	1	1	1	1	1
mPonPyg2_numt418	0	0	0	1	1	1
mPonPyg2_numt419	0	0	0	0	1	1
mPonPyg2_numt420	1	1	1	1	1	1
mPonPyg2_numt421	1	1	1	0	1	1
mPonPyg2_numt422	1	1	1	1	1	1
mPonPyg2_numt423	1	1	1	1	1	1
mPonPyg2_numt424	1	1	1	1	1	1
mPonPyg2_numt425	0	0	0	0	1	1
mPonPyg2_numt426	0	0	0	0	0	1
mPonPyg2_numt427	1	1	1	1	1	1
mPonPyg2_numt428	1	1	1	1	1	1
mPonPyg2_numt429	0	0	0	1	1	1
mPonPyg2_numt430	0	0	0	0	1	1
mPonPyg2_numt431	1	1	1	1	1	1
mPonPyg2_numt432	1	1	1	1	1	1
mPonPyg2_numt433	0	0	0	0	1	1
mPonPyg2_numt434	1	1	1	0	1	1
mPonPyg2_numt435	1	1	1	1	1	1
mPonPyg2_numt436	0	0	0	0	1	1
mPonPyg2_numt437	0	0	0	0	1	1
mPonPyg2_numt438	1	1	0	1	1	1
mPonPyg2_numt439	0	0	0	1	1	1
mPonPyg2_numt440	1	1	0	1	1	1
mPonPyg2_numt441	1	1	0	1	1	1
mPonPyg2_numt442	0	0	0	0	1	1
mPonPyg2_numt443	1	1	0	1	1	1
mPonPyg2_numt444	0	0	0	0	1	1
mPonPyg2_numt445	0	0	0	0	1	1
mPonPyg2_numt446	0	0	0	0	1	1
mPonPyg2_numt447	0	0	1	1	1	1
mPonPyg2_numt448	1	1	1	1	1	1
mPonPyg2_numt449	1	1	1	1	1	1
mPonPyg2_numt450	1	1	1	1	1	1
mPonPyg2_numt451	1	1	1	1	1	1
mPonPyg2_numt452	0	1	1	1	1	1
mPonPyg2_numt453	1	1	1	1	1	1
mPonPyg2_numt454	1	1	1	1	1	1
mPonPyg2_numt455	0	0	0	0	1	1
mPonPyg2_numt457	0	0	0	0	1	1
mPonPyg2_numt458	0	0	0	0	1	1
mPonPyg2_numt460	0	1	1	1	1	1
mPonPyg2_numt461	0	0	0	0	0	1
mPonPyg2_numt462	0	0	0	0	1	1
mPonPyg2_numt463	1	1	1	0	1	1
mPonPyg2_numt464	1	1	1	1	1	1
mPonPyg2_numt465	0	0	0	0	1	1
mPonPyg2_numt466	0	0	0	0	1	1
mPonPyg2_numt467	0	0	0	0	1	1
mPonPyg2_numt468	1	1	1	0	1	1
mPonPyg2_numt469	1	1	1	0	1	1
mPonPyg2_numt470	1	1	1	0	1	1
mPonPyg2_numt471	1	1	1	0	1	1
mPonPyg2_numt472	1	1	1	0	1	1
mPonPyg2_numt473	1	1	1	0	1	1
mPonPyg2_numt474	0	0	1	0	1	1
mPonPyg2_numt475	0	0	0	0	1	1
mPonPyg2_numt476	0	0	0	0	1	1
mPonPyg2_numt477	0	0	1	1	1	1
mPonPyg2_numt479	0	0	1	0	1	1
mPonPyg2_numt480	0	0	1	0	1	1
mPonPyg2_numt481	0	0	1	0	1	1
mPonPyg2_numt482	0	0	1	0	1	1
mPonPyg2_numt483	0	0	0	0	1	1
mPonPyg2_numt484	0	0	1	1	1	1
mPonPyg2_numt485	1	1	1	1	1	1
mPonPyg2_numt486	1	1	1	1	1	1
mPonPyg2_numt487	1	1	1	1	1	1
mPonPyg2_numt488	0	0	0	0	1	1
mPonPyg2_numt489	0	0	0	0	1	1
mPonPyg2_numt490	1	1	1	1	1	1
mPonPyg2_numt491	1	1	1	1	1	1
mPonPyg2_numt492	1	1	1	1	1	1
mPonPyg2_numt493	1	1	1	1	1	1
mPonPyg2_numt495	0	0	0	0	1	1
mPonPyg2_numt496	0	0	0	0	1	1
mPonPyg2_numt497	0	0	0	0	1	1
mPonPyg2_numt498	0	0	0	0	1	1
mPonPyg2_numt502	1	1	1	1	1	1
mPonPyg2_numt503	0	0	0	0	1	1
mPonPyg2_numt504	1	1	1	1	1	1
mPonPyg2_numt505	1	1	1	1	1	1
mPonPyg2_numt506	0	1	1	1	1	1
mPonPyg2_numt507	1	1	1	1	1	1
mPonPyg2_numt508	1	1	1	1	1	1
mPonPyg2_numt509	1	1	1	1	1	1
mPonPyg2_numt510	0	0	0	0	1	1
mPonPyg2_numt511	0	0	0	0	1	1
mPonPyg2_numt512	1	1	1	1	1	1
mPonPyg2_numt513	0	0	1	1	1	1
mPonPyg2_numt514	0	0	0	0	1	1
mPonPyg2_numt515	0	0	0	0	1	1
mPonPyg2_numt517	0	0	0	0	0	1
mPonPyg2_numt518	0	0	0	0	1	1
mPonPyg2_numt519	0	0	0	0	0	1
mPonPyg2_numt521	0	0	0	0	1	1
mPonPyg2_numt523	0	0	0	0	1	1
mPonPyg2_numt524	1	1	1	1	1	1
mPonPyg2_numt525	0	0	0	0	1	1
mPonPyg2_numt526	1	1	1	1	1	1
mPonPyg2_numt527	1	1	1	1	1	1
mPonPyg2_numt528	1	1	1	1	1	1
mPonPyg2_numt529	0	0	1	0	1	1
mPonPyg2_numt530	1	1	1	1	1	1
mPonPyg2_numt531	1	1	1	1	1	1
mPonPyg2_numt532	1	1	1	1	1	1
mPonPyg2_numt533	0	0	0	0	1	1
mPonPyg2_numt535	1	1	1	0	1	1
mPonPyg2_numt536	0	0	0	0	1	1
mPonPyg2_numt537	1	0	1	1	1	1
mPonPyg2_numt538	0	0	0	0	1	1
mPonPyg2_numt539	0	0	0	0	1	1
mPonPyg2_numt540	0	0	0	0	1	1
mPonPyg2_numt541	0	1	1	1	1	1
mPonPyg2_numt542	0	0	0	0	1	1
mPonPyg2_numt543	0	0	0	0	1	1
mPonPyg2_numt544	0	1	1	1	1	1
mPonPyg2_numt545	0	1	1	1	1	1
mPonPyg2_numt546	0	1	1	1	1	1
mPonPyg2_numt547	0	0	1	1	1	1
mPonPyg2_numt548	0	0	0	0	1	1
mPonPyg2_numt549	0	0	0	0	1	1
mPonPyg2_numt550	0	0	0	0	1	1
mPonPyg2_numt551	0	0	0	0	1	1
mPonPyg2_numt552	0	0	0	0	1	1
mPonPyg2_numt553	0	0	0	0	1	1
mPonPyg2_numt555	1	1	1	1	1	1
mPonPyg2_numt556	0	0	0	0	0	1
mPonPyg2_numt558	1	1	1	1	1	1
mPonPyg2_numt559	0	0	1	1	1	1
mPonPyg2_numt562	0	0	0	0	1	1
mPonPyg2_numt563	0	0	0	0	1	1
mPonPyg2_numt565	1	1	1	1	1	1
mPonPyg2_numt566	0	0	0	0	0	1
mPonPyg2_numt567	0	0	0	0	1	1
mPonPyg2_numt568	0	0	0	0	0	1
mPonPyg2_numt569	0	0	0	0	1	1
mPonPyg2_numt570	0	0	0	0	1	1
mPonPyg2_numt571	0	0	0	0	1	1
mPonPyg2_numt572	0	0	0	0	1	1
mPonPyg2_numt573	0	0	0	0	1	1
mPonPyg2_numt576	0	0	0	0	1	1
mPonPyg2_numt577	0	0	0	0	1	1
mPonPyg2_numt578	0	0	0	0	0	1
mPonPyg2_numt579	0	0	0	0	1	1
mPonPyg2_numt580	0	0	0	0	1	1
mPonPyg2_numt581	1	1	1	1	1	1
mPonPyg2_numt582	1	1	1	1	1	1
mPonPyg2_numt583	1	1	1	1	1	1
mPonPyg2_numt585	1	1	1	1	1	1
mPonPyg2_numt586	0	0	1	1	1	1
mPonPyg2_numt587	0	0	0	0	1	1
mPonPyg2_numt588	1	1	1	1	1	1
mPonPyg2_numt589	1	1	1	1	1	1
mPonPyg2_numt590	1	1	1	1	1	1
mPonPyg2_numt591	0	0	0	0	1	1
mPonPyg2_numt592	0	0	0	0	1	1
mPonPyg2_numt593	0	0	0	0	1	1
mPonPyg2_numt594	1	1	1	1	1	1
mPonPyg2_numt595	1	1	1	1	1	1
mPonPyg2_numt596	1	1	1	1	1	1
mPonPyg2_numt597	0	0	0	0	1	1
mPonPyg2_numt598	0	0	0	0	1	1
mPonPyg2_numt599	0	0	1	1	1	1
mPonPyg2_numt600	1	1	1	1	1	1
mPonPyg2_numt601	0	0	0	0	1	1
mPonPyg2_numt602	1	1	1	1	1	1
mPonPyg2_numt603	1	1	1	1	1	1
mPonPyg2_numt604	1	1	1	0	1	1
mPonPyg2_numt605	1	1	1	0	1	1
mPonPyg2_numt606	0	0	0	0	1	1
mPonPyg2_numt607	0	0	0	0	1	1
mPonPyg2_numt608	1	1	1	0	1	1
mPonPyg2_numt609	1	0	1	0	1	1
mPonPyg2_numt610	1	1	1	0	1	1
mPonPyg2_numt611	1	1	1	0	1	1
mPonPyg2_numt612	1	1	1	0	1	1
mPonPyg2_numt613	0	0	1	0	1	1
mPonPyg2_numt614	0	0	1	0	1	1
mPonPyg2_numt615	1	1	1	0	1	1
mPonPyg2_numt616	1	1	1	0	1	1
mPonPyg2_numt617	1	1	1	0	1	1
mPonPyg2_numt618	1	1	1	0	1	1
mPonPyg2_numt619	1	1	1	0	1	1
mPonPyg2_numt620	1	1	1	0	1	1
mPonPyg2_numt621	1	1	1	0	1	1
mPonPyg2_numt622	1	1	1	0	1	1
mPonPyg2_numt623	1	1	1	0	1	1
mPonPyg2_numt624	0	0	0	0	1	1
mPonPyg2_numt625	0	0	0	0	1	1
mPonPyg2_numt626	0	0	0	0	1	1
mPonPyg2_numt627	1	1	1	0	1	1
mPonPyg2_numt628	1	1	1	1	1	1
mPonPyg2_numt629	1	1	1	1	1	1
mPonPyg2_numt630	0	0	0	0	1	1
mPonPyg2_numt631	1	1	1	1	1	1
mPonPyg2_numt632	1	1	1	1	1	1
mPonPyg2_numt633	1	1	1	1	1	1
mPonPyg2_numt634	1	1	1	1	1	1
mPonPyg2_numt635	1	1	1	1	1	1
mPonPyg2_numt636	1	1	1	1	1	1
mPonPyg2_numt637	1	1	1	1	1	1
mPonPyg2_numt638	1	1	0	1	1	1
mPonPyg2_numt639	1	1	1	1	1	1
mPonPyg2_numt640	1	1	1	1	1	1
mPonPyg2_numt641	1	1	1	1	1	1
mPonPyg2_numt642	1	1	1	1	1	1
mPonPyg2_numt643	0	0	0	0	1	1
mPonPyg2_numt644	0	1	1	1	1	1
mPonPyg2_numt645	0	0	0	0	1	1
mPonPyg2_numt646	1	1	1	1	1	1
mPonPyg2_numt647	0	1	0	0	1	1
mPonPyg2_numt648	0	0	0	0	1	1
mPonPyg2_numt649	1	1	1	1	1	1
mPonPyg2_numt650	1	1	1	1	1	1
mPonPyg2_numt651	0	0	0	0	1	1
mPonPyg2_numt652	0	0	0	0	1	1
mPonPyg2_numt653	0	0	0	0	1	1
mPonPyg2_numt654	0	0	0	0	1	1
mPonPyg2_numt655	0	0	0	0	0	1
mPonPyg2_numt656	0	0	0	0	1	1
mPonPyg2_numt657	0	0	0	1	1	1
mPonPyg2_numt658	1	1	1	1	1	1
mPonPyg2_numt659	1	1	1	1	1	1
mPonPyg2_numt660	1	1	1	1	1	1
mPonPyg2_numt661	1	1	1	1	1	1
mPonPyg2_numt662	1	1	1	1	1	1
mPonPyg2_numt663	1	1	0	0	1	1
mPonPyg2_numt664	1	1	1	0	1	1
mPonPyg2_numt665	1	1	1	0	1	1
mPonPyg2_numt666	1	1	1	0	1	1
mPonPyg2_numt667	1	1	1	0	1	1
mPonPyg2_numt668	0	1	1	0	1	1
mPonPyg2_numt670	0	0	0	0	1	1
mPonPyg2_numt671	0	0	0	0	1	1
mPonPyg2_numt672	0	0	0	0	1	1
mPonPyg2_numt673	0	0	0	0	1	1
mPonPyg2_numt674	1	1	1	0	1	1
mPonPyg2_numt675	1	1	1	0	1	1
mPonPyg2_numt676	0	0	0	0	1	1
mPonPyg2_numt677	0	0	0	1	1	1
mPonPyg2_numt678	0	0	0	1	1	1
mPonPyg2_numt679	0	0	0	1	1	1
mPonPyg2_numt680	0	0	0	0	0	1
mPonPyg2_numt681	0	0	0	1	1	1
mPonPyg2_numt682	1	1	1	0	1	1
mPonPyg2_numt683	0	0	0	1	1	1
mPonPyg2_numt684	0	0	0	1	1	1
mPonPyg2_numt685	1	1	1	1	1	1
mPonPyg2_numt686	0	0	0	0	1	1
mPonPyg2_numt687	0	0	1	1	1	1
mPonPyg2_numt688	0	1	0	1	1	1
mPonPyg2_numt689	1	1	1	1	1	1
mPonPyg2_numt690	1	1	1	1	1	1
mPonPyg2_numt691	0	0	0	0	1	1
mPonPyg2_numt692	1	1	0	1	1	1
mPonPyg2_numt693	1	1	1	1	1	1
mPonPyg2_numt694	0	0	1	1	1	1
mPonPyg2_numt695	0	0	0	0	1	1
mPonPyg2_numt696	0	0	0	0	1	1
mPonPyg2_numt697	0	0	0	0	1	1
mPonPyg2_numt698	0	0	0	0	1	1
mPonPyg2_numt699	0	0	0	0	0	1
mPonPyg2_numt700	0	0	0	0	1	1
mPonPyg2_numt701	0	0	0	0	1	1
mPonPyg2_numt702	0	0	0	0	1	1
mPonPyg2_numt703	0	0	0	0	1	1
mPonPyg2_numt704	0	0	0	0	0	1
mPonPyg2_numt705	0	0	0	0	1	1
mPonPyg2_numt706	0	0	0	0	1	1
mPonPyg2_numt707	0	0	0	0	1	1
mPonPyg2_numt708	1	1	1	1	1	1
mPonPyg2_numt709	1	1	1	1	1	1
mPonPyg2_numt710	1	1	1	1	1	1
mPonPyg2_numt711	0	0	0	0	1	1
mPonPyg2_numt712	1	1	1	1	1	1
mPonPyg2_numt713	0	0	0	0	1	1
mPonPyg2_numt714	0	0	0	0	1	1
mPonPyg2_numt715	0	0	0	0	1	1
mPonPyg2_numt716	0	0	0	0	1	1
mPonPyg2_numt717	0	0	0	0	1	1
mPonPyg2_numt718	0	0	0	0	1	1
mPonPyg2_numt719	0	0	0	0	1	1
mPonPyg2_numt720	0	0	0	0	1	1
mPonPyg2_numt721	1	1	1	1	1	1
mPonPyg2_numt722	1	1	1	1	1	1
mPonPyg2_numt723	1	1	1	1	1	1
mPonPyg2_numt724	0	0	1	1	1	1
mPonPyg2_numt725	0	0	0	0	1	1
mPonPyg2_numt726	1	1	1	1	1	1
mPonPyg2_numt727	1	1	1	1	1	1
mPonPyg2_numt728	0	0	0	0	1	1
mPonPyg2_numt729	1	1	1	1	1	1
mPonPyg2_numt730	1	1	1	1	1	1
mPonPyg2_numt731	1	1	1	1	1	1
mPonPyg2_numt732	0	0	0	0	0	1
mPonPyg2_numt733	1	1	1	1	1	1
mPonPyg2_numt734	1	1	0	1	1	1
mPonPyg2_numt735	1	1	1	1	1	1
mPonPyg2_numt736	1	1	1	1	1	1
mPonPyg2_numt737	1	1	1	1	1	1
mPonPyg2_numt738	1	1	1	1	1	1
mPonPyg2_numt739	1	1	1	1	1	1
mPonPyg2_numt740	1	1	1	1	1	1
mPonPyg2_numt741	1	1	1	1	1	1
mPonPyg2_numt742	1	1	1	1	1	1
mPonPyg2_numt743	1	1	1	1	1	1
mPonPyg2_numt744	1	1	1	1	1	1
mPonPyg2_numt745	1	1	1	1	1	1
mPonPyg2_numt746	1	1	1	1	1	1
mPonPyg2_numt747	1	1	1	1	1	1
mPonPyg2_numt748	1	1	1	1	1	1
mPonPyg2_numt749	1	1	1	1	1	1
mPonPyg2_numt750	1	1	1	1	1	1
mPonPyg2_numt751	1	1	1	1	1	1
mPonPyg2_numt752	1	1	1	1	1	1
mPonPyg2_numt753	0	0	1	0	1	1
mPonPyg2_numt754	0	0	0	0	0	1
mPonPyg2_numt755	1	1	1	1	1	1
mPonPyg2_numt756	1	1	1	1	1	1
mPonPyg2_numt757	1	1	1	1	1	1
mPonPyg2_numt758	0	0	0	0	1	1
mPonPyg2_numt760	1	1	1	1	1	1
mPonPyg2_numt761	1	1	1	1	1	1
mPonPyg2_numt762	1	1	1	1	1	1
mPonPyg2_numt763	0	0	0	0	1	1
mPonPyg2_numt764	0	0	0	0	0	1
mPonPyg2_numt765	1	1	1	1	1	1
mPonPyg2_numt766	1	1	1	1	1	1
mPonPyg2_numt767	1	1	1	1	1	1
mPonPyg2_numt768	0	1	1	1	1	1
mPonPyg2_numt769	1	1	1	1	1	1
mPonPyg2_numt770	0	0	0	0	1	1
mPonPyg2_numt771	0	0	0	0	1	1
mPonPyg2_numt772	0	0	0	0	1	1
mPonPyg2_numt773	0	0	0	0	1	1
mPonPyg2_numt774	0	0	0	0	1	1
mPonPyg2_numt775	0	0	0	0	1	1
mPonPyg2_numt776	0	0	0	0	1	1
mPonPyg2_numt777	0	0	0	0	1	1
mPonPyg2_numt779	0	0	0	0	1	1
mPonPyg2_numt780	0	0	0	0	1	1
mPonPyg2_numt781	0	0	0	0	1	1
mPonPyg2_numt782	0	0	0	0	1	1
mPonPyg2_numt783	0	0	0	0	1	1
mPonPyg2_numt784	0	0	0	0	1	1
mPonPyg2_numt785	0	0	0	0	1	1
mPonPyg2_numt786	0	0	0	0	1	1
mPonPyg2_numt787	0	0	0	0	1	1
mPonPyg2_numt788	0	0	0	0	1	1
mPonPyg2_numt789	0	0	0	0	1	1
mPonPyg2_numt790	0	0	0	0	1	1
mPonPyg2_numt791	0	0	0	0	1	1
mPonPyg2_numt792	0	0	0	0	1	1
mPonPyg2_numt793	0	0	0	0	1	1
mPonPyg2_numt794	0	0	0	0	1	1
mPonPyg2_numt795	0	0	0	0	1	1
mPonPyg2_numt796	0	0	0	0	1	1
mPonPyg2_numt797	0	0	0	0	1	1
mPonPyg2_numt798	0	0	0	0	1	1
mPonPyg2_numt799	0	0	0	0	1	1
mPonPyg2_numt800	0	0	0	0	1	1
mPonPyg2_numt801	0	0	0	0	1	1
mPonPyg2_numt802	0	0	0	0	1	1
mPonPyg2_numt803	0	0	0	0	1	1
mPonPyg2_numt804	0	0	0	0	1	1
mPonPyg2_numt805	0	0	0	0	1	1
mPonPyg2_numt806	0	0	0	0	1	1
mPonPyg2_numt807	0	0	0	0	1	1
mPonPyg2_numt808	0	0	0	0	1	1
CHM13_numt1	0	0	1	0	0	0
CHM13_numt2	0	0	1	0	0	0
CHM13_numt3	0	0	1	0	0	0
CHM13_numt4	0	0	1	0	0	0
CHM13_numt5	0	0	1	0	0	0
CHM13_numt6	0	0	1	0	0	0
CHM13_numt7	0	0	1	0	0	0
CHM13_numt8	0	0	1	0	0	0
CHM13_numt9	0	0	1	0	0	0
CHM13_numt10	0	0	1	0	0	0
CHM13_numt11	0	0	1	0	0	0
CHM13_numt12	0	0	1	0	0	0
CHM13_numt13	0	0	1	0	0	0
CHM13_numt14	0	0	1	0	0	0
CHM13_numt15	0	0	1	0	0	0
CHM13_numt16	0	0	1	0	0	0
CHM13_numt17	0	0	1	0	0	0
CHM13_numt18	0	0	1	0	0	0
CHM13_numt19	0	0	1	0	0	0
CHM13_numt20	0	0	1	0	0	0
CHM13_numt21	0	0	1	0	0	0
CHM13_numt22	0	0	1	0	0	0
CHM13_numt24	1	1	1	0	0	0
CHM13_numt25	1	1	1	0	0	0
CHM13_numt26	1	1	1	0	0	0
CHM13_numt27	1	1	1	0	0	0
CHM13_numt28	0	0	1	0	0	0
CHM13_numt29	0	0	1	0	0	0
CHM13_numt30	0	0	1	0	0	0
CHM13_numt31	0	0	1	0	0	0
CHM13_numt32	0	0	1	0	0	0
CHM13_numt33	0	0	1	0	0	0
CHM13_numt34	0	0	1	0	0	0
CHM13_numt35	0	0	1	0	0	0
CHM13_numt36	0	0	1	0	0	0
CHM13_numt37	0	0	1	1	0	0
CHM13_numt38	0	0	1	1	0	0
CHM13_numt39	0	0	1	1	0	0
CHM13_numt40	0	0	1	1	0	0
CHM13_numt41	0	0	1	1	0	0
CHM13_numt43	0	0	1	0	0	0
CHM13_numt44	0	0	1	0	0	0
CHM13_numt45	0	0	1	0	0	0
CHM13_numt46	0	0	1	0	0	0
CHM13_numt47	0	0	1	0	0	0
CHM13_numt48	0	0	1	0	0	0
CHM13_numt49	0	0	1	0	0	0
CHM13_numt50	0	0	1	0	0	0
CHM13_numt51	0	0	1	0	0	0
CHM13_numt52	0	0	1	0	0	0
CHM13_numt53	0	0	1	0	0	0
CHM13_numt54	0	0	1	0	0	0
CHM13_numt55	0	0	1	0	0	0
CHM13_numt56	0	0	1	0	0	0
CHM13_numt57	0	0	1	0	0	0
CHM13_numt58	0	0	1	0	0	0
CHM13_numt59	0	0	1	0	0	0
CHM13_numt60	0	0	1	0	0	0
CHM13_numt61	0	0	1	0	0	0
CHM13_numt62	0	0	1	0	0	0
CHM13_numt63	0	0	1	0	0	0
CHM13_numt64	1	1	1	1	0	0
CHM13_numt65	1	1	1	1	0	1
CHM13_numt66	1	1	1	1	0	0
CHM13_numt67	1	0	1	0	0	0
CHM13_numt68	1	0	1	0	0	0
CHM13_numt69	1	0	1	0	0	0
CHM13_numt70	0	0	1	1	0	0
CHM13_numt71	0	0	1	1	1	1
CHM13_numt72	0	0	1	1	1	1
CHM13_numt73	1	1	1	1	0	0
CHM13_numt74	1	1	1	1	0	0
CHM13_numt75	1	1	1	1	0	0
CHM13_numt77	1	1	1	1	0	0
CHM13_numt78	1	1	1	1	0	0
CHM13_numt79	1	1	1	1	0	0
CHM13_numt80	1	1	1	1	0	0
CHM13_numt81	1	1	1	1	0	0
CHM13_numt82	0	1	1	1	0	0
CHM13_numt83	0	1	1	0	0	0
CHM13_numt84	0	1	1	1	0	0
CHM13_numt85	0	1	1	1	0	0
CHM13_numt86	1	0	1	0	0	0
CHM13_numt87	1	0	1	0	0	0
CHM13_numt88	1	0	1	0	1	1
CHM13_numt89	1	1	1	0	0	0
CHM13_numt90	1	1	1	0	0	0
CHM13_numt92	1	1	1	0	0	0
CHM13_numt93	0	1	1	1	1	1
CHM13_numt94	0	1	1	1	0	0
CHM13_numt95	0	1	1	1	1	1
CHM13_numt96	0	1	1	1	0	0
CHM13_numt97	0	1	1	1	0	0
CHM13_numt98	0	1	1	1	0	1
CHM13_numt99	0	1	1	1	1	1
CHM13_numt102	0	1	1	1	1	1
CHM13_numt103	0	1	1	1	1	1
CHM13_numt104	0	0	1	0	0	0
CHM13_numt105	1	1	1	1	0	0
CHM13_numt106	1	1	1	1	1	1
CHM13_numt107	0	0	1	0	0	0
CHM13_numt108	1	1	1	1	1	1
CHM13_numt109	1	1	1	1	1	1
CHM13_numt110	1	1	1	1	1	1
CHM13_numt111	1	1	1	1	1	1
CHM13_numt112	1	0	1	1	1	1
CHM13_numt113	1	1	1	1	1	1
CHM13_numt114	1	1	1	1	1	1
CHM13_numt115	1	1	1	1	1	1
CHM13_numt116	1	1	1	1	1	1
CHM13_numt118	1	1	1	1	0	0
CHM13_numt120	1	1	1	1	1	1
CHM13_numt121	1	1	1	1	1	1
CHM13_numt122	1	1	1	1	1	1
CHM13_numt123	1	1	1	1	1	1
CHM13_numt124	1	1	1	1	1	1
CHM13_numt125	1	1	1	1	1	1
CHM13_numt126	1	1	1	1	1	1
CHM13_numt127	1	1	1	1	1	1
CHM13_numt128	1	1	1	1	1	1
CHM13_numt129	1	1	1	0	0	0
CHM13_numt130	1	1	1	1	1	1
CHM13_numt131	1	1	1	1	0	0
CHM13_numt132	1	0	1	0	0	0
CHM13_numt133	0	0	1	0	0	0
CHM13_numt134	0	0	1	0	0	0
CHM13_numt135	0	0	1	0	0	0
CHM13_numt136	0	0	1	0	0	0
CHM13_numt137	0	0	1	0	0	0
CHM13_numt138	0	0	1	0	0	0
CHM13_numt139	0	0	1	0	0	0
CHM13_numt140	0	0	1	0	0	0
CHM13_numt141	0	0	1	0	0	0
CHM13_numt142	0	0	1	0	0	0
CHM13_numt143	0	0	1	0	0	0
CHM13_numt144	0	0	1	0	0	0
CHM13_numt145	0	0	1	0	0	0
CHM13_numt146	0	0	1	0	0	0
CHM13_numt147	1	0	1	0	0	0
CHM13_numt148	1	1	1	1	0	0
CHM13_numt149	1	1	1	1	0	0
CHM13_numt150	1	1	1	1	0	0
CHM13_numt151	0	0	1	0	0	0
CHM13_numt152	1	1	1	1	0	0
CHM13_numt153	1	1	1	1	0	0
CHM13_numt154	1	1	1	1	0	0
CHM13_numt155	1	1	1	1	0	0
CHM13_numt156	1	1	1	1	0	0
CHM13_numt157	1	1	1	1	0	0
CHM13_numt159	1	1	1	1	0	0
CHM13_numt161	1	1	1	1	0	0
CHM13_numt162	1	1	1	1	0	0
CHM13_numt163	1	1	1	1	0	0
CHM13_numt164	0	0	1	0	0	0
CHM13_numt165	1	1	1	1	0	0
CHM13_numt166	1	1	1	1	0	0
CHM13_numt167	1	1	1	1	0	1
CHM13_numt168	1	1	1	1	0	0
CHM13_numt169	1	1	1	1	0	1
CHM13_numt170	1	1	1	1	0	1
CHM13_numt171	1	1	1	1	0	0
CHM13_numt172	1	1	1	1	0	0
CHM13_numt173	1	1	1	1	0	1
CHM13_numt174	1	1	1	1	0	0
CHM13_numt175	1	1	1	1	0	1
CHM13_numt176	1	1	1	1	0	1
CHM13_numt177	1	1	1	1	0	1
CHM13_numt178	1	1	1	1	1	1
CHM13_numt179	1	1	1	0	1	1
CHM13_numt180	1	1	1	1	1	1
CHM13_numt181	1	1	1	1	1	1
CHM13_numt182	1	1	1	1	1	1
CHM13_numt183	1	1	1	1	1	1
CHM13_numt184	1	1	1	1	1	1
CHM13_numt185	1	1	1	1	1	1
CHM13_numt186	1	1	1	0	0	0
CHM13_numt187	1	1	1	0	0	0
CHM13_numt188	1	1	1	1	1	1
CHM13_numt189	1	1	1	1	0	0
CHM13_numt190	1	1	1	0	0	0
CHM13_numt191	1	1	1	1	1	1
CHM13_numt192	1	1	1	1	1	1
CHM13_numt193	1	1	1	1	1	1
CHM13_numt194	1	1	1	0	0	0
CHM13_numt195	0	0	1	0	0	0
CHM13_numt196	1	1	1	1	1	1
CHM13_numt197	1	1	1	1	0	0
CHM13_numt198	1	1	1	1	0	0
CHM13_numt199	1	1	1	1	1	1
CHM13_numt200	1	1	1	1	0	0
CHM13_numt201	1	1	1	1	0	0
CHM13_numt202	1	1	1	1	1	1
CHM13_numt203	0	0	1	0	0	0
CHM13_numt204	0	0	1	0	0	0
CHM13_numt205	0	0	1	0	0	0
CHM13_numt206	1	1	1	1	0	0
CHM13_numt207	1	1	1	0	0	0
CHM13_numt208	1	1	1	0	0	0
CHM13_numt209	1	1	1	0	0	0
CHM13_numt210	1	1	1	0	0	0
CHM13_numt211	0	0	1	0	0	0
CHM13_numt212	0	0	1	0	0	0
CHM13_numt213	0	0	1	0	0	0
CHM13_numt214	0	0	1	0	0	0
CHM13_numt215	0	0	1	0	0	0
CHM13_numt216	0	0	1	0	0	0
CHM13_numt217	0	0	1	0	0	0
CHM13_numt218	0	0	1	0	0	0
CHM13_numt219	0	0	1	0	0	0
CHM13_numt220	0	0	1	1	1	1
CHM13_numt221	0	0	1	1	1	1
CHM13_numt222	1	1	1	0	0	0
CHM13_numt223	1	1	1	1	1	1
CHM13_numt224	1	1	1	1	1	1
CHM13_numt225	1	1	1	1	1	1
CHM13_numt226	1	1	1	1	1	1
CHM13_numt227	1	1	1	0	1	1
CHM13_numt228	1	1	1	1	1	1
CHM13_numt230	1	1	1	1	1	1
CHM13_numt231	1	1	1	1	1	1
CHM13_numt232	1	1	1	1	0	0
CHM13_numt233	0	0	1	1	1	1
CHM13_numt234	0	0	1	0	0	0
CHM13_numt235	1	1	1	1	1	1
CHM13_numt236	1	1	1	1	1	1
CHM13_numt237	1	1	1	1	1	1
CHM13_numt238	1	1	1	1	1	1
CHM13_numt239	1	1	1	0	0	0
CHM13_numt240	1	1	1	0	1	1
CHM13_numt241	1	1	1	0	1	1
CHM13_numt242	0	0	1	0	0	0
CHM13_numt243	1	1	1	0	1	1
CHM13_numt244	1	1	1	0	1	1
CHM13_numt245	1	1	1	0	1	1
CHM13_numt246	0	0	1	1	0	0
CHM13_numt247	0	0	1	0	1	1
CHM13_numt248	0	0	1	0	1	1
CHM13_numt249	0	0	1	0	0	0
CHM13_numt250	0	0	1	0	1	1
CHM13_numt251	0	0	1	0	0	0
CHM13_numt252	0	0	1	1	1	0
CHM13_numt253	0	0	1	1	1	1
CHM13_numt254	0	0	1	1	1	1
CHM13_numt255	0	0	1	1	0	0
CHM13_numt256	1	1	1	1	1	1
CHM13_numt257	1	1	1	1	1	1
CHM13_numt258	1	1	1	1	1	1
CHM13_numt260	1	1	1	1	0	0
CHM13_numt261	1	1	1	1	1	1
CHM13_numt262	1	1	1	1	0	0
CHM13_numt263	1	1	1	1	1	1
CHM13_numt264	1	1	1	1	1	1
CHM13_numt265	1	1	1	1	1	1
CHM13_numt266	0	0	1	0	0	0
CHM13_numt267	1	1	1	1	1	1
CHM13_numt269	0	0	1	0	0	0
CHM13_numt270	0	0	1	0	0	0
CHM13_numt271	1	1	1	1	1	0
CHM13_numt272	1	1	1	1	1	1
CHM13_numt273	1	1	1	1	0	0
CHM13_numt274	1	1	1	1	1	1
CHM13_numt275	1	1	1	1	1	1
CHM13_numt276	1	1	1	1	1	1
CHM13_numt277	1	1	1	1	1	1
CHM13_numt278	1	1	1	1	1	1
CHM13_numt279	1	1	1	1	0	0
CHM13_numt280	1	1	1	1	1	1
CHM13_numt281	1	1	1	1	1	1
CHM13_numt282	1	1	1	1	0	0
CHM13_numt285	1	1	1	1	1	1
CHM13_numt286	1	1	1	1	0	0
CHM13_numt287	1	1	1	1	1	0
CHM13_numt288	1	1	1	1	1	1
CHM13_numt289	1	1	1	1	1	1
CHM13_numt290	0	0	1	0	0	0
CHM13_numt291	1	1	1	1	1	1
CHM13_numt292	1	1	1	1	0	0
CHM13_numt294	1	1	1	1	1	1
CHM13_numt295	1	1	1	1	0	0
CHM13_numt296	1	1	1	1	1	1
CHM13_numt297	1	1	1	1	0	0
CHM13_numt298	1	1	1	1	1	1
CHM13_numt299	1	1	1	1	1	1
CHM13_numt300	1	1	1	1	0	0
CHM13_numt301	1	1	1	1	0	0
CHM13_numt302	1	1	1	1	0	0
CHM13_numt303	1	1	1	0	0	0
CHM13_numt304	1	1	1	1	0	0
CHM13_numt305	1	1	1	1	0	0
CHM13_numt306	1	1	1	1	0	0
CHM13_numt308	1	1	1	1	1	1
CHM13_numt309	1	1	1	1	0	0
CHM13_numt310	1	1	1	1	0	0
CHM13_numt312	0	0	1	0	0	1
CHM13_numt313	0	1	1	1	1	1
CHM13_numt314	0	1	1	1	0	0
CHM13_numt315	0	1	1	1	0	0
CHM13_numt316	0	1	1	1	1	1
CHM13_numt317	0	1	1	1	1	1
CHM13_numt318	0	0	1	0	0	0
CHM13_numt319	0	1	1	1	1	1
CHM13_numt320	0	1	1	1	0	0
CHM13_numt321	0	1	1	1	0	0
CHM13_numt322	0	1	1	1	0	0
CHM13_numt323	0	1	1	1	0	0
CHM13_numt324	1	1	1	1	1	1
CHM13_numt325	1	1	1	1	1	1
CHM13_numt326	1	1	1	1	1	1
CHM13_numt327	1	1	1	1	1	1
CHM13_numt328	1	1	1	1	1	1
CHM13_numt329	1	1	1	1	1	1
CHM13_numt330	0	0	1	0	1	1
CHM13_numt331	1	1	1	1	1	1
CHM13_numt332	1	1	1	1	1	1
CHM13_numt333	1	1	1	1	0	0
CHM13_numt334	1	1	1	1	1	0
CHM13_numt335	1	1	1	1	1	1
CHM13_numt336	1	1	1	1	1	1
CHM13_numt337	0	0	1	0	0	0
CHM13_numt338	1	1	1	1	1	1
CHM13_numt339	1	1	1	1	0	0
CHM13_numt340	1	1	1	1	1	1
CHM13_numt341	1	1	1	1	0	0
CHM13_numt342	1	1	1	1	1	1
CHM13_numt343	0	0	1	0	0	0
CHM13_numt344	1	1	1	1	0	0
CHM13_numt345	0	0	1	0	1	1
CHM13_numt346	1	1	1	1	1	1
CHM13_numt347	1	1	1	1	1	1
CHM13_numt348	1	1	1	1	0	0
CHM13_numt349	1	1	1	1	1	1
CHM13_numt350	1	1	1	1	1	1
CHM13_numt351	1	1	1	0	1	1
CHM13_numt353	1	1	1	0	0	0
CHM13_numt354	1	1	1	0	1	1
CHM13_numt355	1	1	1	0	1	1
CHM13_numt356	1	1	1	0	1	1
CHM13_numt358	1	1	1	0	1	1
CHM13_numt359	1	1	1	0	0	0
CHM13_numt360	1	1	1	0	0	0
CHM13_numt361	1	1	1	0	1	1
CHM13_numt362	1	1	1	0	0	0
CHM13_numt363	1	1	1	0	1	1
CHM13_numt364	1	1	1	0	1	1
CHM13_numt365	1	1	1	0	1	1
CHM13_numt366	1	1	1	0	1	1
CHM13_numt367	1	1	1	0	1	1
CHM13_numt368	1	1	1	0	1	1
CHM13_numt369	1	1	1	0	0	0
CHM13_numt370	1	1	1	0	1	0
CHM13_numt371	1	1	1	0	0	0
CHM13_numt372	1	1	1	0	1	1
CHM13_numt373	1	1	1	1	1	1
CHM13_numt374	0	0	1	0	0	0
CHM13_numt375	1	1	1	1	1	1
CHM13_numt376	1	1	1	1	1	1
CHM13_numt377	1	1	1	1	1	1
CHM13_numt378	1	1	1	1	1	1
CHM13_numt379	1	1	1	1	1	1
CHM13_numt380	1	1	1	1	1	1
CHM13_numt381	0	0	1	0	0	0
CHM13_numt382	1	1	1	1	1	1
CHM13_numt383	1	1	1	1	1	1
CHM13_numt384	1	1	1	1	1	1
CHM13_numt385	1	1	1	1	1	1
CHM13_numt386	0	1	1	1	1	1
CHM13_numt387	1	1	1	1	1	1
CHM13_numt388	0	0	1	0	0	0
CHM13_numt389	1	1	1	1	1	1
CHM13_numt390	1	1	1	1	1	1
CHM13_numt391	0	0	1	0	0	0
CHM13_numt392	0	0	1	0	0	0
CHM13_numt393	0	0	1	0	0	0
CHM13_numt395	0	0	1	0	0	0
CHM13_numt396	0	0	1	0	0	0
CHM13_numt397	0	0	1	0	0	0
CHM13_numt399	0	0	1	0	0	0
CHM13_numt400	0	0	1	0	0	0
CHM13_numt401	0	0	1	0	0	0
CHM13_numt402	1	1	1	1	0	0
CHM13_numt403	1	1	1	1	0	0
CHM13_numt404	1	1	1	1	0	0
CHM13_numt405	1	1	1	1	0	0
CHM13_numt406	1	1	1	1	0	0
CHM13_numt407	1	1	1	1	0	0
CHM13_numt408	1	1	1	1	0	0
CHM13_numt409	1	1	1	1	0	0
CHM13_numt410	1	1	1	1	1	1
CHM13_numt411	1	1	1	1	1	1
CHM13_numt412	1	1	1	1	1	1
CHM13_numt414	1	1	1	1	1	1
CHM13_numt415	1	1	1	1	1	1
CHM13_numt416	1	1	1	1	0	0
CHM13_numt417	0	0	1	1	0	0
CHM13_numt418	1	1	1	1	0	0
CHM13_numt419	1	1	1	1	0	0
CHM13_numt420	0	0	1	1	0	0
CHM13_numt421	0	0	1	0	1	0
CHM13_numt422	0	0	1	1	1	1
CHM13_numt423	0	0	1	1	1	1
CHM13_numt424	0	0	1	1	1	1
CHM13_numt425	0	0	1	1	1	1
CHM13_numt426	0	0	1	1	0	0
CHM13_numt427	0	0	1	1	1	1
CHM13_numt428	1	1	1	0	0	0
CHM13_numt429	1	1	1	1	0	0
CHM13_numt430	1	1	1	1	1	1
CHM13_numt431	1	1	1	1	1	1
CHM13_numt432	1	1	1	1	1	1
CHM13_numt433	1	1	1	1	1	1
CHM13_numt434	1	1	1	1	1	1
CHM13_numt435	1	1	1	1	1	0
CHM13_numt436	1	1	1	0	1	1
CHM13_numt437	1	1	1	0	0	0
CHM13_numt438	1	1	1	0	1	1
CHM13_numt439	1	1	1	0	1	1
CHM13_numt440	1	1	1	0	0	1
CHM13_numt441	1	1	1	0	0	0
CHM13_numt442	1	1	1	1	0	0
CHM13_numt443	1	1	1	1	0	0
CHM13_numt444	0	0	1	1	1	0
CHM13_numt445	1	1	1	0	1	1
CHM13_numt446	1	1	1	0	0	0
CHM13_numt447	1	1	1	0	0	0
CHM13_numt448	1	1	1	0	0	0
CHM13_numt449	1	1	1	0	0	0
CHM13_numt450	1	1	1	0	0	0
CHM13_numt451	1	1	1	0	0	0
CHM13_numt452	0	0	1	0	0	0
CHM13_numt453	1	1	1	1	0	0
CHM13_numt454	1	1	1	1	1	1
CHM13_numt455	1	1	1	1	0	0
CHM13_numt456	1	1	1	0	0	0
CHM13_numt457	1	1	1	1	1	1
CHM13_numt459	1	1	1	1	0	0
CHM13_numt460	1	1	1	1	1	1
CHM13_numt461	1	1	1	1	1	1
CHM13_numt462	1	1	1	1	0	1
CHM13_numt463	0	0	1	0	0	0
CHM13_numt464	1	1	1	1	0	0
CHM13_numt465	1	1	1	1	0	0
CHM13_numt466	1	1	1	1	0	0
CHM13_numt467	1	1	1	1	0	0
CHM13_numt468	1	1	1	1	0	0
CHM13_numt469	1	1	1	1	0	0
CHM13_numt470	1	1	1	1	0	0
CHM13_numt471	1	1	1	1	0	0
CHM13_numt472	1	1	1	1	0	0
CHM13_numt473	1	1	1	1	0	0
CHM13_numt474	0	0	1	0	0	0
CHM13_numt475	1	1	1	1	0	0
CHM13_numt476	0	0	1	0	0	0
CHM13_numt477	1	1	1	1	1	1
CHM13_numt478	1	1	1	1	1	1
CHM13_numt479	1	0	1	1	1	1
CHM13_numt480	1	1	1	1	1	1
CHM13_numt481	1	1	1	1	1	1
CHM13_numt482	1	1	1	1	1	1
CHM13_numt483	1	1	1	1	1	1
CHM13_numt484	1	1	1	0	0	0
CHM13_numt485	1	1	1	0	0	0
CHM13_numt486	0	0	1	0	0	0
CHM13_numt488	1	1	1	1	1	1
CHM13_numt489	0	1	1	1	0	0
CHM13_numt490	0	0	1	0	0	0
CHM13_numt491	0	0	1	1	1	1
CHM13_numt492	1	1	1	1	1	1
CHM13_numt493	1	1	1	1	1	1
CHM13_numt494	1	1	1	1	1	1
CHM13_numt495	1	1	1	1	1	1
CHM13_numt496	1	1	1	1	1	1
CHM13_numt497	1	1	1	1	1	1
CHM13_numt498	1	1	1	1	0	0
CHM13_numt499	0	0	1	0	0	0
CHM13_numt500	0	0	1	0	0	0
CHM13_numt501	0	0	1	0	0	0
CHM13_numt502	0	0	1	0	1	1
CHM13_numt503	0	0	1	0	0	0
CHM13_numt504	0	0	1	0	1	1
CHM13_numt505	0	0	1	0	1	1
CHM13_numt506	0	0	1	0	1	1
CHM13_numt507	0	0	1	0	1	1
CHM13_numt508	0	0	1	0	0	0
CHM13_numt509	0	0	1	0	1	1
CHM13_numt510	0	0	1	0	1	1
CHM13_numt511	0	0	1	0	0	0
CHM13_numt512	1	1	1	1	1	1
CHM13_numt513	0	0	1	1	1	1
CHM13_numt515	1	1	1	1	1	1
CHM13_numt516	1	1	1	1	0	0
CHM13_numt517	1	1	1	1	0	0
CHM13_numt518	1	1	1	1	0	0
CHM13_numt519	1	1	1	0	0	0
CHM13_numt520	1	1	1	0	0	0
CHM13_numt521	1	1	1	0	0	0
CHM13_numt522	1	1	1	0	0	0
CHM13_numt523	0	0	1	0	0	0
CHM13_numt524	1	1	1	1	1	1
CHM13_numt525	1	1	1	1	1	1
CHM13_numt526	1	1	1	1	1	1
CHM13_numt527	1	1	1	1	1	1
CHM13_numt528	1	1	1	1	1	1
CHM13_numt529	0	0	1	0	0	0
CHM13_numt530	1	1	1	1	1	1
CHM13_numt531	1	0	1	1	1	1
CHM13_numt532	1	1	1	1	1	1
CHM13_numt533	0	0	1	0	0	0
CHM13_numt534	1	1	1	1	1	1
CHM13_numt535	1	1	1	1	1	0
CHM13_numt536	1	1	1	1	0	0
CHM13_numt537	1	1	1	1	1	1
CHM13_numt538	1	1	1	1	1	1
CHM13_numt539	1	1	1	1	0	0
CHM13_numt540	1	1	1	1	1	1
CHM13_numt541	1	1	1	1	0	1
CHM13_numt542	1	1	1	1	1	1
CHM13_numt543	1	1	1	1	1	1
CHM13_numt544	1	1	1	1	1	1
CHM13_numt545	0	0	1	0	0	0
CHM13_numt546	0	0	1	0	0	0
CHM13_numt547	1	1	1	1	0	0
CHM13_numt548	1	1	1	1	0	0
CHM13_numt549	1	1	1	1	0	0
CHM13_numt550	1	1	1	0	0	0
CHM13_numt551	1	1	1	0	0	0
CHM13_numt552	1	1	1	0	0	0
CHM13_numt553	1	1	1	0	0	0
CHM13_numt554	0	0	1	0	0	0
CHM13_numt555	1	1	1	1	0	0
CHM13_numt556	1	1	1	1	0	0
CHM13_numt557	1	1	1	1	0	0
CHM13_numt558	0	0	1	0	0	0
CHM13_numt559	1	1	1	0	1	1
CHM13_numt560	1	1	1	1	1	1
CHM13_numt561	1	1	1	1	1	1
CHM13_numt562	1	1	1	0	1	1
CHM13_numt564	1	1	1	0	1	1
CHM13_numt565	1	1	1	1	0	1
CHM13_numt566	0	0	1	0	0	0
CHM13_numt567	1	1	1	1	0	0
CHM13_numt568	1	1	1	1	0	0
CHM13_numt569	1	1	1	1	0	0
CHM13_numt570	1	1	1	0	0	0
CHM13_numt571	1	1	1	0	0	0
CHM13_numt572	1	1	1	0	0	0
CHM13_numt573	1	1	1	0	0	0
CHM13_numt574	1	1	1	1	0	0
CHM13_numt575	1	1	1	1	1	1
CHM13_numt576	1	1	1	1	1	1
CHM13_numt577	0	0	1	1	1	1
CHM13_numt578	1	1	1	0	0	0
CHM13_numt579	1	1	1	1	1	1
CHM13_numt580	1	1	1	1	0	0
CHM13_numt581	1	1	1	1	1	1
CHM13_numt582	1	1	1	1	0	0
CHM13_numt583	1	1	1	1	1	1
CHM13_numt584	1	1	1	1	1	1
CHM13_numt585	1	1	1	1	0	0
CHM13_numt586	0	0	1	0	0	0
CHM13_numt587	1	1	1	1	0	1
CHM13_numt588	1	1	1	1	1	1
CHM13_numt589	1	1	1	1	0	0
CHM13_numt590	1	1	1	1	1	1
CHM13_numt591	1	1	1	1	1	1
CHM13_numt592	1	1	1	0	0	0
CHM13_numt593	1	1	1	1	0	0
CHM13_numt594	1	1	1	1	1	1
CHM13_numt595	1	1	1	0	0	0
CHM13_numt596	1	1	1	0	0	0
CHM13_numt597	0	1	1	1	0	0
CHM13_numt598	1	1	1	0	0	0
CHM13_numt599	1	0	1	1	1	1
CHM13_numt600	0	0	1	1	0	0
CHM13_numt601	1	1	1	1	1	1
CHM13_numt602	1	1	1	1	1	1
CHM13_numt603	1	1	1	1	1	1
CHM13_numt604	1	1	1	0	0	0
CHM13_numt605	1	1	1	0	1	1
CHM13_numt606	0	1	1	0	1	1
CHM13_numt607	0	1	1	0	1	1
CHM13_numt608	0	1	1	0	1	1
CHM13_numt609	0	1	1	0	1	1
CHM13_numt610	0	1	1	0	1	1
CHM13_numt611	0	1	1	0	1	1
CHM13_numt612	0	1	1	0	1	1
CHM13_numt613	1	1	1	0	1	1
CHM13_numt614	0	0	1	1	1	0
CHM13_numt615	0	0	1	1	1	1
CHM13_numt616	0	0	1	0	0	0
CHM13_numt617	0	0	1	0	1	1
CHM13_numt618	0	0	1	0	0	0
CHM13_numt619	0	0	1	0	0	0
CHM13_numt620	1	1	1	0	0	0
CHM13_numt621	1	1	1	0	0	0
CHM13_numt622	1	1	1	0	1	1
CHM13_numt623	1	1	1	0	1	1
CHM13_numt624	0	0	1	0	1	1
CHM13_numt625	0	0	1	0	0	0
CHM13_numt626	0	0	1	0	0	0
CHM13_numt627	1	1	1	1	0	0
CHM13_numt628	0	0	1	0	0	0
CHM13_numt629	1	1	1	1	1	1
CHM13_numt630	1	1	1	1	1	1
CHM13_numt631	1	1	1	1	1	1
CHM13_numt632	1	1	1	1	1	1
CHM13_numt633	1	1	1	1	1	1
CHM13_numt634	1	1	1	0	1	1
CHM13_numt635	1	1	1	1	1	1
CHM13_numt636	1	1	1	1	1	1
CHM13_numt637	1	1	1	1	1	1
CHM13_numt638	1	1	1	1	0	0
CHM13_numt639	1	1	1	1	1	1
CHM13_numt640	1	1	1	0	1	1
CHM13_numt641	1	1	1	1	1	1
CHM13_numt642	1	1	1	1	1	1
CHM13_numt643	1	1	1	1	1	1
CHM13_numt644	1	1	1	1	1	1
CHM13_numt645	1	1	1	1	0	0
CHM13_numt646	1	1	1	1	1	1
CHM13_numt647	1	1	1	1	1	1
CHM13_numt648	1	1	1	1	1	1
CHM13_numt650	1	1	1	1	0	0
CHM13_numt651	1	1	1	1	0	0
CHM13_numt652	1	1	1	1	0	0
CHM13_numt653	1	1	1	1	0	0
CHM13_numt654	1	1	1	1	0	0
CHM13_numt655	1	1	1	1	1	1
CHM13_numt656	0	0	1	0	0	0
CHM13_numt657	0	0	1	0	0	0
CHM13_numt658	1	1	1	1	0	0
CHM13_numt659	1	1	1	1	0	0
CHM13_numt660	1	1	1	1	0	0
CHM13_numt661	1	1	1	1	1	1
CHM13_numt662	1	0	1	0	0	0
CHM13_numt663	1	1	1	1	1	1
CHM13_numt665	1	1	1	1	1	1
CHM13_numt666	0	0	1	0	0	0
CHM13_numt667	1	1	1	1	0	0
CHM13_numt668	1	1	1	1	0	0
CHM13_numt669	1	1	1	1	0	0
CHM13_numt670	0	0	1	0	0	0
CHM13_numt671	1	1	1	1	0	0
CHM13_numt672	1	1	1	1	0	0
CHM13_numt673	1	1	1	1	0	0
CHM13_numt674	0	0	1	0	0	0
CHM13_numt675	1	1	1	1	1	1
CHM13_numt676	1	1	1	1	1	1
CHM13_numt677	1	1	1	1	1	1
CHM13_numt678	1	1	1	1	1	1
CHM13_numt679	1	1	1	1	1	1
CHM13_numt680	1	1	1	0	1	1
CHM13_numt681	1	1	1	0	0	0
CHM13_numt682	1	1	1	0	0	0
CHM13_numt683	1	1	1	0	0	0
CHM13_numt684	1	1	1	0	1	1
CHM13_numt685	1	1	1	1	1	1
CHM13_numt686	1	1	1	1	0	0
CHM13_numt687	0	0	1	1	0	0
CHM13_numt688	0	0	1	0	0	0
CHM13_numt689	1	1	1	1	0	0
CHM13_numt690	1	1	1	1	0	0
CHM13_numt691	1	1	1	1	0	0
CHM13_numt692	1	1	1	1	0	0
CHM13_numt693	0	0	1	0	0	0
CHM13_numt694	1	1	1	0	0	0
CHM13_numt695	1	1	1	0	0	0
CHM13_numt696	1	1	1	0	0	0
CHM13_numt697	1	1	1	1	0	0
CHM13_numt698	1	1	1	1	0	0
CHM13_numt699	1	1	1	1	0	0
CHM13_numt700	0	0	1	0	0	0
CHM13_numt701	1	1	1	1	0	0
CHM13_numt702	1	1	1	1	0	0
CHM13_numt703	1	1	1	1	0	0
CHM13_numt704	1	1	1	1	1	1
CHM13_numt705	0	0	1	0	0	0
CHM13_numt706	1	1	1	1	0	0
CHM13_numt707	1	1	1	1	1	1
CHM13_numt708	1	1	1	1	0	1
CHM13_numt709	0	0	1	1	0	0
CHM13_numt710	0	0	1	1	1	1
CHM13_numt711	0	0	1	1	1	1
CHM13_numt712	0	0	1	1	1	1
CHM13_numt713	0	0	1	1	1	1
CHM13_numt714	0	0	1	1	1	1
CHM13_numt715	1	1	1	1	1	1
CHM13_numt716	0	0	1	0	0	0
CHM13_numt717	1	1	1	1	0	0
CHM13_numt718	1	1	1	1	1	1
CHM13_numt719	1	1	1	1	1	1
CHM13_numt720	1	1	1	1	1	0
CHM13_numt721	1	1	1	1	1	1
CHM13_numt722	1	1	1	1	1	1
CHM13_numt723	1	1	1	1	1	1
CHM13_numt724	1	1	1	1	1	1
CHM13_numt725	1	1	1	1	1	1
CHM13_numt726	0	0	1	0	0	0
CHM13_numt727	1	1	1	1	1	1
CHM13_numt729	0	1	1	1	0	0
CHM13_numt730	1	1	1	1	0	0
CHM13_numt732	0	0	1	0	0	0
CHM13_numt733	1	1	1	1	1	1
CHM13_numt734	1	1	1	1	1	1
CHM13_numt735	1	1	1	1	0	0
CHM13_numt736	1	1	1	1	0	0
CHM13_numt737	1	1	1	1	1	1
CHM13_numt738	1	1	1	1	1	1
CHM13_numt739	1	1	1	1	1	1
CHM13_numt740	1	1	1	1	1	1
CHM13_numt741	1	1	1	1	1	1
CHM13_numt742	1	1	1	1	1	1
CHM13_numt743	1	1	1	1	1	1
CHM13_numt744	1	1	1	1	1	1
CHM13_numt745	1	1	1	1	1	1
CHM13_numt746	1	1	1	1	1	1
CHM13_numt747	1	1	1	1	1	1
CHM13_numt748	1	1	1	1	1	1
CHM13_numt749	1	1	1	1	1	1
CHM13_numt750	0	0	1	1	1	1
CHM13_numt751	1	1	1	1	1	0
CHM13_numt752	1	1	1	1	1	1
CHM13_numt753	1	1	1	1	1	1
CHM13_numt754	1	1	1	1	1	1
CHM13_numt755	1	1	1	1	1	1
CHM13_numt756	1	1	1	1	1	1
CHM13_numt757	0	0	1	0	0	0
CHM13_numt759	1	1	1	1	1	1
CHM13_numt760	1	1	1	1	1	1
CHM13_numt761	1	1	1	1	1	1
CHM13_numt762	1	1	1	1	0	0
CHM13_numt763	1	1	1	1	1	1
CHM13_numt764	1	1	1	1	1	0
CHM13_numt765	1	1	1	1	1	1
CHM13_numt766	1	1	1	1	1	1
CHM13_numt767	1	1	1	1	1	1
CHM13_numt768	1	1	1	1	1	1
CHM13_numt769	1	1	1	1	1	1
CHM13_numt770	0	0	1	0	0	0
CHM13_numt772	0	0	1	0	0	0
CHM13_numt773	0	0	1	0	0	0
CHM13_numt774	0	0	1	0	0	0
CHM13_numt775	0	0	1	0	0	0
CHM13_numt776	1	1	1	0	0	0
CHM13_numt777	1	1	1	0	0	0
CHM13_numt778	1	1	1	0	0	0
CHM13_numt779	1	1	1	1	0	0
CHM13_numt780	0	0	1	0	0	0
